article_id,article_description,article_type,parent_article_id,merch_category,sub_category,base_uom,barcode,tax_code,list_price,cost_price,tobacco_floor_price,status,discontinued_date,created_date,last_modified_date
ART00000,Unleaded 91 Classic 350,single,,FUEL,Unleaded 91,L,9301000000009,GST,2.2,1.3,,active,,2025-01-21,2025-04-20
ART00001,Gum Reg 323,single,,CONFECTIONERY,Gum,EA,9301000000016,GST,3.02,1.87,,pending,,2026-01-06,2026-06-21
ART00002,Gum Small 384,single,,CONFECTIONERY,Gum,EA,9301000000023,GST,5.43,3.06,,active,,2025-11-30,2026-03-18
ART00003,Energy Drink Classic 204,single,,DRINKS_COLD,Energy Drink,EA,9301000000030,GST,3.06,1.7,,active,,2025-05-21,2025-10-03
ART00004,Diesel Small 227,single,,FUEL,Diesel,L,9301000000047,GST,2.41,1.5,,active,,2025-07-11,2026-05-23
ART00005,Juice Reg 146,single,,DRINKS_COLD,Juice,EA,9301000000054,GST,8.17,4.32,,active,,2023-04-22,2023-11-14
ART00006,Bakery Classic 266,single,,FOOD_TO_GO,Bakery,EA,9301000000061,GST_FREE,5.42,3.81,,active,,2025-10-31,2026-04-14
ART00007,Premium 95 Small 846,single,,FUEL,Premium 95,L,9301000000078,GST,1.7,1.19,,discontinued,2026-05-24,2025-11-10,2026-04-01
ART00008,Cigars Reg 334,single,,TOBACCO,Cigars,EA,9301000000085,GST,77.03,50.99,69.68,active,,2025-03-07,2026-05-29
ART00009,Water Large 758,single,,DRINKS_COLD,Water,EA,9301000000092,GST,4.16,2.95,,active,,2025-02-23,2025-11-25
ART00010,Juice Small 508,single,,DRINKS_COLD,Juice,EA,9301000000108,GST,4.62,3.45,,active,,2024-10-07,2025-01-08
ART00011,Unleaded 91 Std 742,single,,FUEL,Unleaded 91,L,9301000000115,GST,2.03,1.24,,pending,,2024-02-28,2025-03-24
ART00012,Gum Small 981,single,,CONFECTIONERY,Gum,EA,9301000000122,GST,5.92,4.47,,active,,2025-01-04,2025-10-04
ART00013,Soft Drink Std 564,single,,DRINKS_COLD,Soft Drink,EA,9301000000139,GST,3.16,1.84,,active,,2024-10-22,2025-04-22
ART00014,Chocolate Range 405,generic,,CONFECTIONERY,Chocolate,EA,9301000000146,GST,5.32,3.86,,active,,2024-02-05,2026-03-26
ART00015,Chocolate Range 405 - Fun Size,variant,ART00014,CONFECTIONERY,Chocolate,EA,9301000000153,GST,3.21,1.73,,active,,2023-09-22,2024-05-24
ART00016,Chocolate Range 405 - Share Pack,variant,ART00014,CONFECTIONERY,Chocolate,EA,9301000000160,GST,2.57,1.38,,active,,2022-06-25,2025-03-16
ART00017,Premium 95 Std 775,single,,FUEL,Premium 95,L,9301000000177,GST,1.91,1.34,,active,,2025-05-27,2025-12-29
ART00018,Cigars Range 806,generic,,TOBACCO,Cigars,EA,9301000000184,GST,51.27,27.03,48.48,active,,2024-06-16,2025-11-27
ART00019,Cigars Range 806 - 20s,variant,ART00018,TOBACCO,Cigars,EA,9301000000191,GST,33.59,20.86,31.61,active,,2022-01-15,2022-06-09
ART00020,Cigars Range 806 - 40s,variant,ART00018,TOBACCO,Cigars,EA,9301000000207,GST,46.25,35.75,41.73,active,,2023-11-08,2024-01-19
ART00021,Cigars Range 806 - 30s,variant,ART00018,TOBACCO,Cigars,EA,9301000000214,GST,53.9,34.43,50.54,active,,2026-01-21,2026-06-16
ART00022,Gum Large 926,single,,CONFECTIONERY,Gum,EA,9301000000221,GST,3.41,2.03,,active,,2023-12-27,2025-03-04
ART00023,Pies Range 155,generic,,FOOD_TO_GO,Pies,EA,9301000000238,GST_FREE,9.47,7.21,,active,,2024-04-04,2026-04-19
ART00024,Pies Range 155 - Single,variant,ART00023,FOOD_TO_GO,Pies,EA,9301000000245,GST_FREE,4.76,3.12,,active,,2023-07-25,2026-02-26
ART00025,Pies Range 155 - Twin Pack,variant,ART00023,FOOD_TO_GO,Pies,EA,9301000000252,GST_FREE,6.31,4.1,,active,,2025-02-01,2025-05-12
ART00026,Pies Range 155 - Large,variant,ART00023,FOOD_TO_GO,Pies,EA,9301000000269,GST_FREE,4.95,2.76,,active,,2022-07-11,2023-11-07
ART00027,Rolling Tobacco Std 985,single,,TOBACCO,Rolling Tobacco,EA,9301000000276,GST,43.12,28.82,41.78,active,,2023-06-28,2026-01-14
ART00028,Slurpee Small 777,single,,DRINKS_COLD,Slurpee,EA,9301000000283,GST,5.18,3.59,,active,,2022-04-30,2025-07-29
ART00029,Chocolate Range 158,generic,,CONFECTIONERY,Chocolate,EA,9301000000290,GST,2.16,1.17,,active,,2024-12-23,2025-06-02
ART00030,Chocolate Range 158 - Fun Size,variant,ART00029,CONFECTIONERY,Chocolate,EA,9301000000306,GST,1.88,1.04,,active,,2024-04-06,2024-08-06
ART00031,Chocolate Range 158 - King Size,variant,ART00029,CONFECTIONERY,Chocolate,EA,9301000000313,GST,6.99,4.3,,active,,2022-03-23,2025-09-11
ART00032,Diesel Small 678,single,,FUEL,Diesel,L,9301000000320,GST,2.16,1.56,,active,,2026-01-06,2026-03-27
ART00033,Rolling Tobacco Classic 568,single,,TOBACCO,Rolling Tobacco,EA,9301000000337,GST,45.61,35.16,42.51,discontinued,2026-04-15,2022-07-24,2022-12-21
ART00034,Chips Std 457,single,,CONFECTIONERY,Chips,EA,9301000000344,GST,6.78,4.55,,pending,,2022-11-20,2025-05-05
ART00035,Lollies Small 108,single,,CONFECTIONERY,Lollies,EA,9301000000351,GST,6.18,3.33,,active,,2022-08-01,2023-05-03
ART00036,Soft Drink Range 860,generic,,DRINKS_COLD,Soft Drink,EA,9301000000368,GST,5.34,3.25,,active,,2026-01-09,2026-04-06
ART00037,Soft Drink Range 860 - 1.25L,variant,ART00036,DRINKS_COLD,Soft Drink,EA,9301000000375,GST,3.75,2.92,,active,,2025-07-23,2026-02-24
ART00038,Soft Drink Range 860 - Can,variant,ART00036,DRINKS_COLD,Soft Drink,EA,9301000000382,GST,5.47,3.73,,active,,2022-09-25,2026-04-21
ART00039,Water Range 664,generic,,DRINKS_COLD,Water,EA,9301000000399,GST,5.5,4.16,,active,,2025-11-16,2025-12-24
ART00040,Water Range 664 - 375ml,variant,ART00039,DRINKS_COLD,Water,EA,9301000000405,GST,3.88,2.61,,active,,2022-03-23,2024-03-24
ART00041,Water Range 664 - 1.25L,variant,ART00039,DRINKS_COLD,Water,EA,9301000000412,GST,2.86,2.17,,active,,2026-05-17,2026-06-21
ART00042,Water Range 664 - Can,variant,ART00039,DRINKS_COLD,Water,EA,9301000000429,GST,7.46,4.51,,active,,2022-11-13,2024-03-11
ART00043,Water Range 664 - Multipack,variant,ART00039,DRINKS_COLD,Water,EA,9301000000436,GST,9.63,5.42,,discontinued,2026-01-28,2022-02-20,2023-02-22
ART00044,Slurpee Range 984,generic,,DRINKS_COLD,Slurpee,EA,9301000000443,GST,5.12,3.78,,active,,2025-12-07,2026-01-03
ART00045,Slurpee Range 984 - 375ml,variant,ART00044,DRINKS_COLD,Slurpee,EA,9301000000450,GST,4.03,2.73,,active,,2023-04-12,2024-07-11
ART00046,Slurpee Range 984 - Can,variant,ART00044,DRINKS_COLD,Slurpee,EA,9301000000467,GST,2.3,1.57,,active,,2022-05-23,2023-12-15
ART00047,Slurpee Range 984 - Multipack,variant,ART00044,DRINKS_COLD,Slurpee,EA,9301000000474,GST,4.87,2.88,,active,,2025-01-03,2025-12-08
ART00048,Unleaded 91 Classic 282,single,,FUEL,Unleaded 91,L,9301000000481,GST,2.07,1.62,,active,,2025-05-06,2025-12-14
ART00049,Energy Drink Small 218,single,,DRINKS_COLD,Energy Drink,EA,9301000000498,GST,4.35,3.07,,active,,2025-12-22,2026-04-12
ART00050,Premium 95 Classic 541,single,,FUEL,Premium 95,L,9301000000504,GST,1.73,1.18,,pending,,2023-10-05,2025-08-14
ART00051,Premium 98 Small 416,single,,FUEL,Premium 98,L,9301000000511,GST,2.27,1.33,,active,,2025-02-09,2025-04-15
ART00052,Rolling Tobacco Large 793,single,,TOBACCO,Rolling Tobacco,EA,9301000000528,GST,62.42,38.53,57.95,discontinued,2025-07-01,2023-09-15,2024-07-04
ART00053,Rolling Tobacco Range 721,generic,,TOBACCO,Rolling Tobacco,EA,9301000000535,GST,62.68,40.77,57.35,discontinued,2026-02-28,2026-02-16,2026-03-31
ART00054,Rolling Tobacco Range 721 - 20s,variant,ART00053,TOBACCO,Rolling Tobacco,EA,9301000000542,GST,84.33,49.98,77.22,active,,2023-02-12,2023-12-10
ART00055,Rolling Tobacco Range 721 - 25s,variant,ART00053,TOBACCO,Rolling Tobacco,EA,9301000000559,GST,34.28,21.99,32.89,discontinued,2025-08-07,2024-07-21,2025-09-18
ART00056,Rolling Tobacco Range 721 - 30s,variant,ART00053,TOBACCO,Rolling Tobacco,EA,9301000000566,GST,83.92,48.88,77.78,active,,2024-03-29,2024-12-03
ART00057,Rolling Tobacco Range 721 - 40s,variant,ART00053,TOBACCO,Rolling Tobacco,EA,9301000000573,GST,54.05,29.53,51.9,active,,2022-08-07,2024-12-24
ART00058,Cigarettes Range 812,generic,,TOBACCO,Cigarettes,EA,9301000000580,GST,44.25,31.34,42.45,active,,2024-07-23,2024-12-06
ART00059,Cigarettes Range 812 - 30s,variant,ART00058,TOBACCO,Cigarettes,EA,9301000000597,GST,85.92,46.87,81.8,active,,2024-08-30,2025-12-03
ART00060,Cigarettes Range 812 - 25s,variant,ART00058,TOBACCO,Cigarettes,EA,9301000000603,GST,46.21,27.76,44.07,active,,2024-12-03,2026-04-13
ART00061,Cigarettes Range 812 - 40s,variant,ART00058,TOBACCO,Cigarettes,EA,9301000000610,GST,48.32,37.16,44.45,active,,2023-07-11,2025-05-28
ART00062,Juice Std 336,single,,DRINKS_COLD,Juice,EA,9301000000627,GST,3.61,2.6,,active,,2024-04-29,2025-06-20
ART00063,Juice Reg 311,single,,DRINKS_COLD,Juice,EA,9301000000634,GST,7.54,4.31,,active,,2025-11-25,2025-11-30
ART00064,Gum Classic 405,single,,CONFECTIONERY,Gum,EA,9301000000641,GST,7.52,4.02,,active,,2024-05-08,2025-11-10
ART00065,Chips Classic 546,single,,CONFECTIONERY,Chips,EA,9301000000658,GST,4.28,2.54,,active,,2024-04-08,2026-04-19
ART00066,Rolling Tobacco Prepack 23pk 127,prepack,,TOBACCO,Rolling Tobacco,PACK,9301000000665,GST,83.63,49.75,75.76,active,,2024-05-27,2024-10-12
ART00067,Sandwiches Large 435,single,,FOOD_TO_GO,Sandwiches,EA,9301000000672,GST_FREE,5.41,3.1,,active,,2024-02-16,2024-11-26
ART00068,Bakery Range 581,generic,,FOOD_TO_GO,Bakery,EA,9301000000689,GST_FREE,4.12,2.17,,active,,2023-12-18,2024-08-03
ART00069,Bakery Range 581 - Single,variant,ART00068,FOOD_TO_GO,Bakery,EA,9301000000696,GST_FREE,3.59,2.66,,pending,,2022-09-16,2025-05-12
ART00070,Bakery Range 581 - Large,variant,ART00068,FOOD_TO_GO,Bakery,EA,9301000000702,GST_FREE,8.68,6.24,,active,,2025-12-03,2026-02-06
ART00071,Bakery Range 581 - Regular,variant,ART00068,FOOD_TO_GO,Bakery,EA,9301000000719,GST_FREE,9.64,5.86,,active,,2026-03-12,2026-06-11
ART00072,Bakery Range 581 - Family,variant,ART00068,FOOD_TO_GO,Bakery,EA,9301000000726,GST_FREE,5.71,3.04,,active,,2022-08-10,2025-11-07
ART00073,Premium 98 Small 793,single,,FUEL,Premium 98,L,9301000000733,GST,2.74,1.47,,active,,2023-02-11,2023-07-16
ART00074,Chips Classic 970,single,,CONFECTIONERY,Chips,EA,9301000000740,GST,6.54,3.7,,active,,2025-03-05,2026-04-09
ART00075,Premium 98 Small 538,single,,FUEL,Premium 98,L,9301000000757,GST,1.99,1.19,,active,,2022-01-26,2024-06-04
ART00076,Hot Food Classic 750,single,,FOOD_TO_GO,Hot Food,EA,9301000000764,GST_FREE,9.89,7.33,,active,,2022-12-27,2025-11-29
ART00077,Juice Range 651,generic,,DRINKS_COLD,Juice,EA,9301000000771,GST,7.59,4.25,,active,,2025-04-28,2025-09-12
ART00078,Juice Range 651 - 600ml,variant,ART00077,DRINKS_COLD,Juice,EA,9301000000788,GST,6.55,4.22,,active,,2025-06-03,2026-05-11
ART00079,Juice Range 651 - 375ml,variant,ART00077,DRINKS_COLD,Juice,EA,9301000000795,GST,4.42,2.45,,active,,2023-01-08,2025-10-02
ART00080,Juice Range 651 - Multipack,variant,ART00077,DRINKS_COLD,Juice,EA,9301000000801,GST,3.93,2.67,,discontinued,2026-05-02,2025-12-07,2026-02-15
ART00081,Chocolate Std 187,single,,CONFECTIONERY,Chocolate,EA,9301000000818,GST,2.84,1.76,,active,,2023-05-08,2026-01-07
ART00082,Pies Range 195,generic,,FOOD_TO_GO,Pies,EA,9301000000825,GST_FREE,5.18,3.68,,active,,2025-09-21,2026-03-28
ART00083,Pies Range 195 - Large,variant,ART00082,FOOD_TO_GO,Pies,EA,9301000000832,GST_FREE,12.17,8.23,,active,,2024-07-18,2025-04-21
ART00084,Pies Range 195 - Family,variant,ART00082,FOOD_TO_GO,Pies,EA,9301000000849,GST_FREE,6.02,3.5,,active,,2023-10-09,2024-02-08
ART00085,Pies Range 195 - Twin Pack,variant,ART00082,FOOD_TO_GO,Pies,EA,9301000000856,GST_FREE,12.96,7.63,,active,,2023-01-28,2024-04-15
ART00086,Bakery Range 878,generic,,FOOD_TO_GO,Bakery,EA,9301000000863,GST_FREE,6.3,4.79,,active,,2023-02-02,2024-09-30
ART00087,Bakery Range 878 - Family,variant,ART00086,FOOD_TO_GO,Bakery,EA,9301000000870,GST_FREE,5.54,4.16,,active,,2022-04-04,2022-07-24
ART00088,Bakery Range 878 - Twin Pack,variant,ART00086,FOOD_TO_GO,Bakery,EA,9301000000887,GST_FREE,7.7,5.78,,discontinued,2026-03-09,2022-07-30,2022-08-24
ART00089,Lollies Large 448,single,,CONFECTIONERY,Lollies,EA,9301000000894,GST,2.53,1.36,,active,,2024-09-05,2024-12-30
ART00090,Diesel Large 175,single,,FUEL,Diesel,L,9301000000900,GST,1.98,1.47,,active,,2025-02-26,2026-06-26
ART00091,Soft Drink Counter Display 221,display,,DRINKS_COLD,Soft Drink,CTN,9301000000917,GST,5.67,3.46,,active,,2025-06-20,2025-10-13
ART00092,Gum Large 404,single,,CONFECTIONERY,Gum,EA,9301000000924,GST,6.71,4.63,,active,,2025-06-25,2025-07-25
ART00093,Chocolate Prepack 12pk 740,prepack,,CONFECTIONERY,Chocolate,PACK,9301000000931,GST,2.47,1.83,,active,,2022-12-22,2026-01-25
ART00094,Premium 95 Reg 518,single,,FUEL,Premium 95,L,9301000000948,GST,1.94,1.35,,active,,2023-04-20,2024-11-30
ART00095,Slurpee Std 370,single,,DRINKS_COLD,Slurpee,EA,9301000000955,GST,7.64,4.55,,active,,2023-02-10,2025-06-29
ART00096,Premium 95 Std 372,single,,FUEL,Premium 95,L,9301000000962,GST,1.71,1.26,,active,,2023-09-22,2025-05-23
ART00097,Lollies Large 805,single,,CONFECTIONERY,Lollies,EA,9301000000979,GST,2.81,1.97,,active,,2025-01-10,2026-05-30
ART00098,Hot Food Large 852,single,,FOOD_TO_GO,Hot Food,EA,9301000000986,GST_FREE,4.73,3.61,,active,,2025-10-12,2025-10-22
ART00099,Juice Std 581,single,,DRINKS_COLD,Juice,EA,9301000000993,GST,4.82,3.37,,active,,2025-04-13,2025-11-22
ART00100,Hot Food Large 441,single,,FOOD_TO_GO,Hot Food,EA,9301000001006,GST_FREE,4.59,3.39,,active,,2024-04-23,2026-04-03
ART00101,Bakery Large 933,single,,FOOD_TO_GO,Bakery,EA,9301000001013,GST_FREE,7.19,5.5,,active,,2023-06-01,2025-03-24
ART00102,Diesel Small 944,single,,FUEL,Diesel,L,9301000001020,GST,2.68,1.67,,active,,2024-04-26,2024-06-20
ART00103,Cigars Large 740,single,,TOBACCO,Cigars,EA,9301000001037,GST,42.21,29.65,38.38,active,,2023-08-13,2026-01-26
ART00104,Hot Food Small 918,single,,FOOD_TO_GO,Hot Food,EA,9301000001044,GST_FREE,4.89,3.04,,discontinued,2026-04-09,2024-04-15,2024-07-19
ART00105,Cigarettes Reg 763,single,,TOBACCO,Cigarettes,EA,9301000001051,GST,79.05,46.07,73.96,active,,2023-07-14,2025-11-10
ART00106,Pies Small 248,single,,FOOD_TO_GO,Pies,EA,9301000001068,GST_FREE,7.96,5.04,,active,,2022-10-07,2023-02-26
ART00107,Slurpee Small 373,single,,DRINKS_COLD,Slurpee,EA,9301000001075,GST,5.92,4.1,,active,,2025-04-17,2026-02-07
ART00108,Sandwiches Large 453,single,,FOOD_TO_GO,Sandwiches,EA,9301000001082,GST_FREE,6.64,4.44,,active,,2023-10-22,2026-03-30
ART00109,Cigars Large 339,single,,TOBACCO,Cigars,EA,9301000001099,GST,65.83,45.19,61.43,active,,2024-02-20,2025-03-21
ART00110,Rolling Tobacco Counter Display 229,display,,TOBACCO,Rolling Tobacco,CTN,9301000001105,GST,69.76,38.43,67.05,active,,2024-06-20,2024-09-30
ART00111,Gum Std 519,single,,CONFECTIONERY,Gum,EA,9301000001112,GST,6.03,4.64,,active,,2026-05-20,2026-06-05
ART00112,Juice Reg 972,single,,DRINKS_COLD,Juice,EA,9301000001129,GST,4.76,2.98,,discontinued,2025-12-10,2025-07-07,2026-03-13
ART00113,Chocolate Std 746,single,,CONFECTIONERY,Chocolate,EA,9301000001136,GST,4.28,3.06,,active,,2022-07-05,2024-12-09
ART00114,Unleaded 91 Large 270,single,,FUEL,Unleaded 91,L,9301000001143,GST,2.11,1.65,,active,,2022-04-25,2023-12-16
ART00115,Energy Drink Std 643,single,,DRINKS_COLD,Energy Drink,EA,9301000001150,GST,4.5,3.29,,discontinued,2025-09-28,2022-06-11,2025-11-10
ART00116,Sandwiches Small 246,single,,FOOD_TO_GO,Sandwiches,EA,9301000001167,GST_FREE,5.59,3.61,,active,,2025-09-27,2025-10-01
ART00117,Bakery Std 175,single,,FOOD_TO_GO,Bakery,EA,9301000001174,GST_FREE,7.25,4.44,,active,,2025-08-01,2026-03-06
ART00118,Slurpee Range 303,generic,,DRINKS_COLD,Slurpee,EA,9301000001181,GST,7.55,5.72,,discontinued,2026-01-12,2025-03-17,2025-09-16
ART00119,Slurpee Range 303 - 1.25L,variant,ART00118,DRINKS_COLD,Slurpee,EA,9301000001198,GST,4.54,2.68,,active,,2026-03-06,2026-03-12
ART00120,Slurpee Range 303 - Multipack,variant,ART00118,DRINKS_COLD,Slurpee,EA,9301000001204,GST,9.3,5.19,,active,,2023-08-10,2024-11-23
ART00121,Slurpee Range 303 - 375ml,variant,ART00118,DRINKS_COLD,Slurpee,EA,9301000001211,GST,5.87,3.53,,discontinued,2026-05-14,2023-05-29,2024-03-04
ART00122,Slurpee Range 303 - 600ml,variant,ART00118,DRINKS_COLD,Slurpee,EA,9301000001228,GST,7.32,4.38,,active,,2023-09-25,2025-12-10
ART00123,Hot Food Std 192,single,,FOOD_TO_GO,Hot Food,EA,9301000001235,GST_FREE,10.75,7.07,,active,,2023-02-16,2023-11-13
ART00124,Lollies Classic 950,single,,CONFECTIONERY,Lollies,EA,9301000001242,GST,3.37,1.81,,active,,2023-08-28,2025-07-21
ART00125,Diesel Reg 244,single,,FUEL,Diesel,L,9301000001259,GST,2.21,1.31,,active,,2025-10-13,2026-05-04
ART00126,Lollies Large 114,single,,CONFECTIONERY,Lollies,EA,9301000001266,GST,2.44,1.64,,active,,2026-03-14,2026-06-08
ART00127,Juice Classic 210,single,,DRINKS_COLD,Juice,EA,9301000001273,GST,6.48,3.92,,discontinued,2026-04-14,2023-11-03,2026-05-28
ART00128,Chips Large 817,single,,CONFECTIONERY,Chips,EA,9301000001280,GST,2.63,1.96,,active,,2022-03-18,2023-12-01
ART00129,Hot Food Small 238,single,,FOOD_TO_GO,Hot Food,EA,9301000001297,GST_FREE,7.8,4.18,,active,,2025-11-27,2026-04-14
ART00130,Sandwiches Range 770,generic,,FOOD_TO_GO,Sandwiches,EA,9301000001303,GST_FREE,3.97,2.62,,active,,2023-07-27,2023-10-02
ART00131,Sandwiches Range 770 - Family,variant,ART00130,FOOD_TO_GO,Sandwiches,EA,9301000001310,GST_FREE,11.61,8.83,,active,,2025-11-05,2026-02-07
ART00132,Sandwiches Range 770 - Twin Pack,variant,ART00130,FOOD_TO_GO,Sandwiches,EA,9301000001327,GST_FREE,9.31,6.28,,active,,2024-03-26,2025-01-02
ART00133,Sandwiches Range 770 - Regular,variant,ART00130,FOOD_TO_GO,Sandwiches,EA,9301000001334,GST_FREE,4.92,2.73,,active,,2024-07-20,2024-10-21
ART00134,Sandwiches Range 770 - Large,variant,ART00130,FOOD_TO_GO,Sandwiches,EA,9301000001341,GST_FREE,10.43,6.37,,discontinued,2025-07-11,2022-04-14,2024-02-26
ART00135,Cigarettes Range 310,generic,,TOBACCO,Cigarettes,EA,9301000001358,GST,38.74,27.98,35.45,active,,2023-04-23,2025-02-23
ART00136,Cigarettes Range 310 - 20s,variant,ART00135,TOBACCO,Cigarettes,EA,9301000001365,GST,54.23,40.64,49.76,active,,2022-12-24,2023-08-06
ART00137,Cigarettes Range 310 - 25s,variant,ART00135,TOBACCO,Cigarettes,EA,9301000001372,GST,43.07,34.19,41.14,active,,2023-05-03,2025-02-24
ART00138,Premium 95 Classic 153,single,,FUEL,Premium 95,L,9301000001389,GST,1.47,1.11,,active,,2022-05-11,2025-01-10
ART00139,Bakery Reg 562,single,,FOOD_TO_GO,Bakery,EA,9301000001396,GST_FREE,7.57,5.92,,pending,,2026-05-24,2026-06-26
ART00140,Slurpee Reg 162,single,,DRINKS_COLD,Slurpee,EA,9301000001402,GST,8.72,5.71,,pending,,2022-08-10,2025-05-10
ART00141,Hot Food Range 429,generic,,FOOD_TO_GO,Hot Food,EA,9301000001419,GST_FREE,6.86,4.8,,active,,2025-07-20,2026-05-15
ART00142,Hot Food Range 429 - Family,variant,ART00141,FOOD_TO_GO,Hot Food,EA,9301000001426,GST_FREE,6.53,4.97,,active,,2025-12-08,2026-01-06
ART00143,Hot Food Range 429 - Regular,variant,ART00141,FOOD_TO_GO,Hot Food,EA,9301000001433,GST_FREE,13.32,7.61,,active,,2026-01-16,2026-03-12
ART00144,Hot Food Range 429 - Large,variant,ART00141,FOOD_TO_GO,Hot Food,EA,9301000001440,GST_FREE,8.05,5.3,,active,,2024-07-17,2025-08-29
ART00145,Hot Food Range 429 - Twin Pack,variant,ART00141,FOOD_TO_GO,Hot Food,EA,9301000001457,GST_FREE,5.91,3.87,,active,,2025-09-24,2026-02-01
ART00146,Water Large 168,single,,DRINKS_COLD,Water,EA,9301000001464,GST,2.59,1.69,,active,,2026-03-05,2026-06-07
ART00147,Water Small 675,single,,DRINKS_COLD,Water,EA,9301000001471,GST,5.78,3.81,,active,,2025-09-24,2026-04-28
ART00148,Premium 98 Small 419,single,,FUEL,Premium 98,L,9301000001488,GST,1.79,1.29,,active,,2025-09-06,2026-05-10
ART00149,Cigarettes Small 476,single,,TOBACCO,Cigarettes,EA,9301000001495,GST,34.27,24.53,31.87,active,,2025-02-22,2026-03-21
ART00150,Chocolate Classic 129,single,,CONFECTIONERY,Chocolate,EA,9301000001501,GST,2.52,1.74,,discontinued,2025-12-21,2023-12-20,2023-12-26
ART00151,Cigarettes Large 171,single,,TOBACCO,Cigarettes,EA,9301000001518,GST,36.59,28.81,34.84,active,,2023-03-17,2025-04-25
ART00152,Pies Classic 419,single,,FOOD_TO_GO,Pies,EA,9301000001525,GST_FREE,11.45,7.07,,active,,2022-06-23,2022-10-08
ART00153,Cigarettes Range 150,generic,,TOBACCO,Cigarettes,EA,9301000001532,GST,64.34,38.29,60.09,active,,2024-06-24,2025-08-22
ART00154,Cigarettes Range 150 - 25s,variant,ART00153,TOBACCO,Cigarettes,EA,9301000001549,GST,47.68,28.2,44.89,pending,,2024-12-15,2025-10-26
ART00155,Cigarettes Range 150 - 30s,variant,ART00153,TOBACCO,Cigarettes,EA,9301000001556,GST,39.17,23.89,35.27,active,,2023-09-10,2024-11-15
ART00156,Cigarettes Range 150 - 20s,variant,ART00153,TOBACCO,Cigarettes,EA,9301000001563,GST,70.01,48.68,63.6,active,,2024-10-15,2025-12-29
ART00157,Cigarettes Std 612,single,,TOBACCO,Cigarettes,EA,9301000001570,GST,60.87,41.12,56.47,active,,2026-02-28,2026-03-05
ART00158,Hot Food Reg 982,single,,FOOD_TO_GO,Hot Food,EA,9301000001587,GST_FREE,5.78,3.82,,active,,2025-08-04,2026-03-05
ART00159,Soft Drink Classic 275,single,,DRINKS_COLD,Soft Drink,EA,9301000001594,GST,8.2,4.58,,active,,2024-01-12,2024-04-11
ART00160,Hot Food Small 510,single,,FOOD_TO_GO,Hot Food,EA,9301000001600,GST_FREE,7.27,5.01,,active,,2023-11-27,2024-07-10
ART00161,Water Reg 643,single,,DRINKS_COLD,Water,EA,9301000001617,GST,5.79,3.92,,active,,2026-01-29,2026-03-07
ART00162,Cigarettes Std 277,single,,TOBACCO,Cigarettes,EA,9301000001624,GST,73.3,43.73,66.88,active,,2026-05-02,2026-06-11
ART00163,Pies Range 878,generic,,FOOD_TO_GO,Pies,EA,9301000001631,GST_FREE,10.79,5.92,,active,,2025-08-09,2026-06-30
ART00164,Pies Range 878 - Family,variant,ART00163,FOOD_TO_GO,Pies,EA,9301000001648,GST_FREE,3.46,2.39,,active,,2023-07-17,2023-11-09
ART00165,Pies Range 878 - Large,variant,ART00163,FOOD_TO_GO,Pies,EA,9301000001655,GST_FREE,5.44,3.51,,active,,2022-03-19,2022-07-13
ART00166,Pies Range 878 - Single,variant,ART00163,FOOD_TO_GO,Pies,EA,9301000001662,GST_FREE,6.56,3.93,,active,,2022-07-04,2025-12-14
ART00167,Pies Range 878 - Twin Pack,variant,ART00163,FOOD_TO_GO,Pies,EA,9301000001679,GST_FREE,8.77,5.39,,active,,2026-02-22,2026-03-04
ART00168,Sandwiches Large 613,single,,FOOD_TO_GO,Sandwiches,EA,9301000001686,GST_FREE,3.24,2.46,,active,,2023-12-05,2025-12-05
ART00169,Premium 95 Reg 353,single,,FUEL,Premium 95,L,9301000001693,GST,2.7,1.7,,active,,2025-06-02,2025-08-22
ART00170,Energy Drink Prepack 18pk 518,prepack,,DRINKS_COLD,Energy Drink,PACK,9301000001709,GST,5.89,4.59,,active,,2025-07-16,2026-06-12
ART00171,Soft Drink Small 794,single,,DRINKS_COLD,Soft Drink,EA,9301000001716,GST,4.91,2.72,,active,,2025-05-19,2025-08-03
ART00172,Soft Drink Std 458,single,,DRINKS_COLD,Soft Drink,EA,9301000001723,GST,4.86,2.89,,active,,2022-09-22,2026-01-22
ART00173,Premium 98 Small 485,single,,FUEL,Premium 98,L,9301000001730,GST,1.76,1.32,,active,,2025-12-10,2026-06-17
ART00174,Chocolate Large 620,single,,CONFECTIONERY,Chocolate,EA,9301000001747,GST,2.9,2.12,,active,,2023-03-15,2025-02-11
ART00175,Sandwiches Std 258,single,,FOOD_TO_GO,Sandwiches,EA,9301000001754,GST_FREE,3.7,2.81,,active,,2026-04-28,2026-05-02
ART00176,Juice Large 257,single,,DRINKS_COLD,Juice,EA,9301000001761,GST,4.4,2.51,,active,,2022-12-06,2025-05-20
ART00177,Diesel Classic 792,single,,FUEL,Diesel,L,9301000001778,GST,2.8,1.7,,active,,2026-03-21,2026-06-24
ART00178,Sandwiches Classic 928,single,,FOOD_TO_GO,Sandwiches,EA,9301000001785,GST_FREE,10.75,7.81,,discontinued,2026-06-13,2025-03-14,2025-10-25
ART00179,Bakery Range 614,generic,,FOOD_TO_GO,Bakery,EA,9301000001792,GST_FREE,10.92,6.13,,active,,2025-05-23,2025-08-01
ART00180,Bakery Range 614 - Single,variant,ART00179,FOOD_TO_GO,Bakery,EA,9301000001808,GST_FREE,8.28,4.6,,active,,2022-09-13,2024-04-18
ART00181,Bakery Range 614 - Regular,variant,ART00179,FOOD_TO_GO,Bakery,EA,9301000001815,GST_FREE,3.42,2.22,,active,,2024-11-17,2025-04-16
ART00182,Bakery Range 614 - Twin Pack,variant,ART00179,FOOD_TO_GO,Bakery,EA,9301000001822,GST_FREE,11.05,6.0,,discontinued,2026-02-16,2023-12-17,2024-01-13
ART00183,Hot Food Classic 341,single,,FOOD_TO_GO,Hot Food,EA,9301000001839,GST_FREE,5.15,3.69,,discontinued,2025-12-11,2022-07-22,2026-03-14
ART00184,Water Classic 949,single,,DRINKS_COLD,Water,EA,9301000001846,GST,6.42,3.68,,active,,2024-08-18,2025-11-20
ART00185,Chocolate Prepack 6pk 362,prepack,,CONFECTIONERY,Chocolate,PACK,9301000001853,GST,2.81,1.51,,active,,2025-05-31,2026-02-25
ART00186,Hot Food Range 343,generic,,FOOD_TO_GO,Hot Food,EA,9301000001860,GST_FREE,4.89,3.21,,active,,2025-06-29,2026-02-18
ART00187,Hot Food Range 343 - Single,variant,ART00186,FOOD_TO_GO,Hot Food,EA,9301000001877,GST_FREE,7.35,4.64,,active,,2023-05-11,2024-02-29
ART00188,Hot Food Range 343 - Regular,variant,ART00186,FOOD_TO_GO,Hot Food,EA,9301000001884,GST_FREE,4.57,3.09,,active,,2025-03-14,2025-10-13
ART00189,Cigars Small 469,single,,TOBACCO,Cigars,EA,9301000001891,GST,40.6,25.7,39.35,active,,2025-02-08,2025-02-18
ART00190,Pies Large 482,single,,FOOD_TO_GO,Pies,EA,9301000001907,GST_FREE,5.16,2.93,,active,,2023-12-08,2024-08-10
ART00191,Premium 98 Std 145,single,,FUEL,Premium 98,L,9301000001914,GST,1.97,1.18,,discontinued,2026-06-16,2024-08-09,2025-12-12
ART00192,Cigarettes Large 137,single,,TOBACCO,Cigarettes,EA,9301000001921,GST,36.17,26.22,32.66,discontinued,2025-12-06,2024-11-21,2026-01-02
ART00193,Gum Std 392,single,,CONFECTIONERY,Gum,EA,9301000001938,GST,4.44,2.45,,active,,2023-11-11,2024-08-16
ART00194,Premium 98 Large 509,single,,FUEL,Premium 98,L,9301000001945,GST,2.51,1.67,,active,,2023-01-18,2025-10-30
ART00195,Bakery Prepack 22pk 373,prepack,,FOOD_TO_GO,Bakery,PACK,9301000001952,GST_FREE,9.72,7.47,,active,,2025-05-18,2025-08-18
ART00196,Lollies Reg 435,single,,CONFECTIONERY,Lollies,EA,9301000001969,GST,4.94,3.01,,active,,2024-05-22,2024-11-08
ART00197,Bakery Classic 729,single,,FOOD_TO_GO,Bakery,EA,9301000001976,GST_FREE,13.98,7.41,,discontinued,2025-07-30,2022-06-03,2026-03-08
ART00198,Bakery Std 131,single,,FOOD_TO_GO,Bakery,EA,9301000001983,GST_FREE,5.29,3.01,,discontinued,2025-07-18,2022-09-16,2023-01-31
ART00199,Cigars Large 680,single,,TOBACCO,Cigars,EA,9301000001990,GST,32.93,21.35,30.49,active,,2024-06-28,2024-09-14
ART00200,Chips Large 421,single,,CONFECTIONERY,Chips,EA,9301000002003,GST,3.85,2.91,,active,,2026-02-15,2026-04-03
ART00201,Pies Prepack 9pk 368,prepack,,FOOD_TO_GO,Pies,PACK,9301000002010,GST_FREE,10.06,7.24,,active,,2025-06-07,2025-10-31
ART00202,Sandwiches Reg 562,single,,FOOD_TO_GO,Sandwiches,EA,9301000002027,GST_FREE,6.3,3.32,,active,,2025-10-28,2026-06-01
ART00203,Energy Drink Small 655,single,,DRINKS_COLD,Energy Drink,EA,9301000002034,GST,3.34,2.47,,discontinued,2026-06-29,2025-12-05,2026-05-17
ART00204,Rolling Tobacco Reg 305,single,,TOBACCO,Rolling Tobacco,EA,9301000002041,GST,63.82,40.62,59.05,active,,2025-03-18,2025-09-22
ART00205,Sandwiches Reg 167,single,,FOOD_TO_GO,Sandwiches,EA,9301000002058,GST_FREE,7.95,4.63,,active,,2024-12-12,2026-02-05
ART00206,Hot Food Classic 757,single,,FOOD_TO_GO,Hot Food,EA,9301000002065,GST_FREE,3.87,2.44,,active,,2022-09-20,2025-10-23
ART00207,Chips Range 232,generic,,CONFECTIONERY,Chips,EA,9301000002072,GST,3.67,2.85,,active,,2022-09-12,2025-08-08
ART00208,Chips Range 232 - Share Pack,variant,ART00207,CONFECTIONERY,Chips,EA,9301000002089,GST,2.53,1.81,,active,,2024-11-28,2025-09-14
ART00209,Chips Range 232 - Fun Size,variant,ART00207,CONFECTIONERY,Chips,EA,9301000002096,GST,5.84,3.51,,active,,2025-02-02,2025-11-10
ART00210,Cigars Small 195,single,,TOBACCO,Cigars,EA,9301000002102,GST,60.76,32.63,55.34,active,,2025-09-11,2026-03-02
ART00211,Chocolate Range 129,generic,,CONFECTIONERY,Chocolate,EA,9301000002119,GST,2.63,1.5,,active,,2023-06-27,2024-08-31
ART00212,Chocolate Range 129 - King Size,variant,ART00211,CONFECTIONERY,Chocolate,EA,9301000002126,GST,6.8,4.08,,active,,2023-09-11,2026-05-27
ART00213,Chocolate Range 129 - Share Pack,variant,ART00211,CONFECTIONERY,Chocolate,EA,9301000002133,GST,3.1,2.05,,active,,2024-07-17,2024-09-29
ART00214,Chocolate Range 129 - Fun Size,variant,ART00211,CONFECTIONERY,Chocolate,EA,9301000002140,GST,4.42,2.91,,active,,2024-08-09,2025-03-05
ART00215,Chocolate Range 129 - Standard,variant,ART00211,CONFECTIONERY,Chocolate,EA,9301000002157,GST,3.4,1.88,,active,,2023-10-16,2025-11-05
ART00216,Slurpee Classic 627,single,,DRINKS_COLD,Slurpee,EA,9301000002164,GST,5.19,3.34,,active,,2023-07-02,2026-01-07
ART00217,Cigarettes Classic 493,single,,TOBACCO,Cigarettes,EA,9301000002171,GST,85.4,45.53,82.25,active,,2023-11-02,2026-06-15
ART00218,Lollies Std 610,single,,CONFECTIONERY,Lollies,EA,9301000002188,GST,7.87,4.32,,active,,2024-10-15,2024-11-07
ART00219,Diesel Small 568,single,,FUEL,Diesel,L,9301000002195,GST,2.07,1.4,,active,,2022-04-14,2023-11-11
ART00220,Pies Reg 967,single,,FOOD_TO_GO,Pies,EA,9301000002201,GST_FREE,3.28,2.31,,active,,2024-01-20,2026-03-12
ART00221,Bakery Reg 683,single,,FOOD_TO_GO,Bakery,EA,9301000002218,GST_FREE,7.42,5.16,,active,,2024-03-02,2025-07-31
ART00222,Bakery Range 738,generic,,FOOD_TO_GO,Bakery,EA,9301000002225,GST_FREE,9.97,5.29,,active,,2024-03-17,2025-04-03
ART00223,Bakery Range 738 - Large,variant,ART00222,FOOD_TO_GO,Bakery,EA,9301000002232,GST_FREE,5.12,3.25,,active,,2022-04-03,2022-06-21
ART00224,Bakery Range 738 - Family,variant,ART00222,FOOD_TO_GO,Bakery,EA,9301000002249,GST_FREE,4.18,2.68,,active,,2024-07-24,2024-12-23
ART00225,Bakery Range 738 - Single,variant,ART00222,FOOD_TO_GO,Bakery,EA,9301000002256,GST_FREE,8.4,5.74,,active,,2025-06-09,2025-11-19
ART00226,Rolling Tobacco Counter Display 857,display,,TOBACCO,Rolling Tobacco,CTN,9301000002263,GST,75.81,47.99,70.93,pending,,2024-09-30,2026-04-29
ART00227,Slurpee Range 477,generic,,DRINKS_COLD,Slurpee,EA,9301000002270,GST,3.65,2.4,,active,,2023-09-23,2025-12-16
ART00228,Slurpee Range 477 - 375ml,variant,ART00227,DRINKS_COLD,Slurpee,EA,9301000002287,GST,5.78,4.25,,discontinued,2026-05-19,2026-01-16,2026-06-23
ART00229,Slurpee Range 477 - Can,variant,ART00227,DRINKS_COLD,Slurpee,EA,9301000002294,GST,7.33,4.11,,active,,2023-05-12,2023-07-15
ART00230,Slurpee Range 477 - 600ml,variant,ART00227,DRINKS_COLD,Slurpee,EA,9301000002300,GST,5.34,3.89,,active,,2024-06-22,2025-05-09
ART00231,Slurpee Range 477 - Multipack,variant,ART00227,DRINKS_COLD,Slurpee,EA,9301000002317,GST,4.15,3.0,,active,,2024-10-24,2026-02-18
ART00232,Premium 95 Small 312,single,,FUEL,Premium 95,L,9301000002324,GST,2.53,1.62,,active,,2024-02-11,2024-12-28
ART00233,Rolling Tobacco Prepack 16pk 659,prepack,,TOBACCO,Rolling Tobacco,PACK,9301000002331,GST,62.78,36.53,59.33,active,,2025-11-20,2026-01-26
ART00234,Gum Std 385,single,,CONFECTIONERY,Gum,EA,9301000002348,GST,4.89,2.6,,active,,2023-09-02,2025-04-15
ART00235,Cigars Classic 591,single,,TOBACCO,Cigars,EA,9301000002355,GST,67.76,38.35,62.28,active,,2022-09-07,2025-11-24
ART00236,Gum Range 504,generic,,CONFECTIONERY,Gum,EA,9301000002362,GST,7.82,4.41,,active,,2023-08-18,2023-11-12
ART00237,Gum Range 504 - Fun Size,variant,ART00236,CONFECTIONERY,Gum,EA,9301000002379,GST,4.89,3.52,,active,,2025-01-08,2025-10-12
ART00238,Gum Range 504 - Standard,variant,ART00236,CONFECTIONERY,Gum,EA,9301000002386,GST,5.97,4.46,,active,,2025-06-14,2026-06-28
ART00239,Gum Range 504 - Share Pack,variant,ART00236,CONFECTIONERY,Gum,EA,9301000002393,GST,4.57,2.71,,active,,2024-12-23,2025-08-11
ART00240,Cigarettes Classic 834,single,,TOBACCO,Cigarettes,EA,9301000002409,GST,51.99,38.82,50.3,discontinued,2025-09-19,2024-04-13,2026-02-10
ART00241,Pies Classic 428,single,,FOOD_TO_GO,Pies,EA,9301000002416,GST_FREE,5.51,3.15,,pending,,2025-08-28,2026-06-17
ART00242,Cigars Range 970,generic,,TOBACCO,Cigars,EA,9301000002423,GST,76.92,56.4,73.98,discontinued,2025-09-29,2022-03-16,2024-06-06
ART00243,Cigars Range 970 - 25s,variant,ART00242,TOBACCO,Cigars,EA,9301000002430,GST,62.66,38.7,56.86,active,,2023-11-18,2024-09-04
ART00244,Cigars Range 970 - 30s,variant,ART00242,TOBACCO,Cigars,EA,9301000002447,GST,60.08,37.77,57.81,active,,2022-10-02,2025-07-30
ART00245,Cigars Range 970 - 40s,variant,ART00242,TOBACCO,Cigars,EA,9301000002454,GST,42.53,32.14,38.76,discontinued,2026-02-20,2025-08-20,2025-12-29
ART00246,Cigarettes Range 909,generic,,TOBACCO,Cigarettes,EA,9301000002461,GST,46.26,33.63,43.61,active,,2025-08-01,2026-02-24
ART00247,Cigarettes Range 909 - 30s,variant,ART00246,TOBACCO,Cigarettes,EA,9301000002478,GST,49.4,36.83,45.58,pending,,2023-05-24,2023-06-06
ART00248,Cigarettes Range 909 - 20s,variant,ART00246,TOBACCO,Cigarettes,EA,9301000002485,GST,48.13,27.66,46.53,pending,,2023-09-11,2023-10-04
ART00249,Cigarettes Range 909 - 25s,variant,ART00246,TOBACCO,Cigarettes,EA,9301000002492,GST,40.83,29.09,38.66,discontinued,2026-02-24,2023-09-21,2024-03-02
ART00250,Bakery Classic 476,single,,FOOD_TO_GO,Bakery,EA,9301000002508,GST_FREE,6.9,5.16,,active,,2022-11-10,2025-05-29
ART00251,Lollies Small 582,single,,CONFECTIONERY,Lollies,EA,9301000002515,GST,7.09,3.97,,active,,2026-04-10,2026-05-11
ART00252,Chocolate Small 820,single,,CONFECTIONERY,Chocolate,EA,9301000002522,GST,3.41,2.58,,discontinued,2026-04-07,2024-11-01,2025-05-27
ART00253,Chips Small 552,single,,CONFECTIONERY,Chips,EA,9301000002539,GST,2.04,1.25,,active,,2022-07-06,2025-05-16
ART00254,Hot Food Small 525,single,,FOOD_TO_GO,Hot Food,EA,9301000002546,GST_FREE,6.22,4.01,,active,,2023-09-24,2025-10-03
ART00255,Diesel Classic 936,single,,FUEL,Diesel,L,9301000002553,GST,1.26,0.97,,active,,2024-05-17,2025-05-04
ART00256,Unleaded 91 Reg 583,single,,FUEL,Unleaded 91,L,9301000002560,GST,1.85,1.06,,discontinued,2026-05-25,2026-02-02,2026-05-20
ART00257,Slurpee Large 484,single,,DRINKS_COLD,Slurpee,EA,9301000002577,GST,4.16,2.29,,active,,2022-09-30,2026-05-30
ART00258,Soft Drink Small 502,single,,DRINKS_COLD,Soft Drink,EA,9301000002584,GST,5.26,3.77,,active,,2022-01-08,2026-04-05
ART00259,Premium 98 Large 789,single,,FUEL,Premium 98,L,9301000002591,GST,2.1,1.4,,active,,2023-04-16,2024-09-03
ART00260,Bakery Std 996,single,,FOOD_TO_GO,Bakery,EA,9301000002607,GST_FREE,9.79,5.51,,active,,2024-05-08,2026-01-27
ART00261,Premium 95 Std 168,single,,FUEL,Premium 95,L,9301000002614,GST,1.54,0.94,,pending,,2025-12-11,2025-12-23
ART00262,Cigars Large 339,single,,TOBACCO,Cigars,EA,9301000002621,GST,73.34,41.8,66.73,active,,2023-08-16,2024-12-07
ART00263,Lollies Classic 342,single,,CONFECTIONERY,Lollies,EA,9301000002638,GST,2.96,1.76,,active,,2023-03-29,2025-07-22
ART00264,Energy Drink Small 852,single,,DRINKS_COLD,Energy Drink,EA,9301000002645,GST,7.62,4.99,,discontinued,2026-03-11,2022-04-07,2024-03-12
ART00265,Bakery Large 252,single,,FOOD_TO_GO,Bakery,EA,9301000002652,GST_FREE,5.44,3.4,,active,,2023-05-09,2024-08-12
ART00266,Water Range 159,generic,,DRINKS_COLD,Water,EA,9301000002669,GST,6.79,4.21,,active,,2022-10-02,2024-12-05
ART00267,Water Range 159 - 1.25L,variant,ART00266,DRINKS_COLD,Water,EA,9301000002676,GST,3.66,2.37,,active,,2024-01-30,2024-05-03
ART00268,Water Range 159 - 600ml,variant,ART00266,DRINKS_COLD,Water,EA,9301000002683,GST,5.03,3.92,,active,,2024-02-12,2026-01-01
ART00269,Chocolate Range 292,generic,,CONFECTIONERY,Chocolate,EA,9301000002690,GST,6.49,3.85,,active,,2023-03-21,2025-11-26
ART00270,Chocolate Range 292 - Share Pack,variant,ART00269,CONFECTIONERY,Chocolate,EA,9301000002706,GST,6.47,3.48,,active,,2026-02-27,2026-03-14
ART00271,Chocolate Range 292 - Standard,variant,ART00269,CONFECTIONERY,Chocolate,EA,9301000002713,GST,7.14,3.87,,active,,2025-11-25,2026-04-28
ART00272,Rolling Tobacco Prepack 23pk 429,prepack,,TOBACCO,Rolling Tobacco,PACK,9301000002720,GST,68.01,42.59,62.92,discontinued,2025-11-11,2024-01-07,2025-06-15
ART00273,Pies Large 879,single,,FOOD_TO_GO,Pies,EA,9301000002737,GST_FREE,12.26,8.22,,discontinued,2026-01-28,2022-04-04,2025-05-30
ART00274,Cigars Classic 666,single,,TOBACCO,Cigars,EA,9301000002744,GST,76.53,50.3,69.69,active,,2023-11-07,2024-06-29
ART00275,Sandwiches Classic 363,single,,FOOD_TO_GO,Sandwiches,EA,9301000002751,GST_FREE,11.41,6.63,,active,,2026-02-23,2026-06-28
ART00276,Sandwiches Range 460,generic,,FOOD_TO_GO,Sandwiches,EA,9301000002768,GST_FREE,5.17,3.3,,active,,2025-01-15,2025-03-16
ART00277,Sandwiches Range 460 - Single,variant,ART00276,FOOD_TO_GO,Sandwiches,EA,9301000002775,GST_FREE,11.59,6.45,,active,,2023-04-19,2023-09-05
ART00278,Sandwiches Range 460 - Large,variant,ART00276,FOOD_TO_GO,Sandwiches,EA,9301000002782,GST_FREE,8.16,5.17,,active,,2024-02-04,2024-04-05
ART00279,Sandwiches Range 460 - Family,variant,ART00276,FOOD_TO_GO,Sandwiches,EA,9301000002799,GST_FREE,10.14,6.14,,active,,2024-09-16,2026-01-28
ART00280,Sandwiches Range 460 - Regular,variant,ART00276,FOOD_TO_GO,Sandwiches,EA,9301000002805,GST_FREE,3.26,2.15,,discontinued,2025-07-09,2024-12-20,2025-09-27
ART00281,Lollies Large 925,single,,CONFECTIONERY,Lollies,EA,9301000002812,GST,6.81,3.69,,active,,2024-12-09,2025-05-10
ART00282,Cigarettes Classic 934,single,,TOBACCO,Cigarettes,EA,9301000002829,GST,47.92,36.82,46.35,active,,2024-07-29,2026-02-27
ART00283,Cigars Reg 769,single,,TOBACCO,Cigars,EA,9301000002836,GST,67.6,53.2,62.76,active,,2024-02-12,2025-08-30
ART00284,Hot Food Std 184,single,,FOOD_TO_GO,Hot Food,EA,9301000002843,GST_FREE,8.69,4.94,,active,,2025-03-04,2026-05-17
ART00285,Unleaded 91 Std 316,single,,FUEL,Unleaded 91,L,9301000002850,GST,2.67,1.65,,active,,2023-07-10,2023-10-13
ART00286,Premium 98 Small 677,single,,FUEL,Premium 98,L,9301000002867,GST,2.25,1.25,,active,,2022-02-02,2023-04-02
ART00287,Chips Range 829,generic,,CONFECTIONERY,Chips,EA,9301000002874,GST,6.33,4.38,,active,,2025-02-28,2025-07-01
ART00288,Chips Range 829 - King Size,variant,ART00287,CONFECTIONERY,Chips,EA,9301000002881,GST,5.85,3.09,,active,,2026-01-23,2026-02-12
ART00289,Chips Range 829 - Share Pack,variant,ART00287,CONFECTIONERY,Chips,EA,9301000002898,GST,4.09,3.18,,active,,2024-06-14,2025-02-06
ART00290,Chips Range 829 - Standard,variant,ART00287,CONFECTIONERY,Chips,EA,9301000002904,GST,6.33,3.62,,active,,2025-05-04,2025-11-23
ART00291,Chips Range 829 - Fun Size,variant,ART00287,CONFECTIONERY,Chips,EA,9301000002911,GST,6.67,4.01,,active,,2026-05-24,2026-06-21
ART00292,Sandwiches Large 542,single,,FOOD_TO_GO,Sandwiches,EA,9301000002928,GST_FREE,4.87,3.25,,active,,2026-05-01,2026-06-09
ART00293,Water Reg 374,single,,DRINKS_COLD,Water,EA,9301000002935,GST,3.96,2.38,,active,,2026-02-23,2026-06-02
ART00294,Energy Drink Reg 415,single,,DRINKS_COLD,Energy Drink,EA,9301000002942,GST,4.61,3.5,,active,,2022-06-28,2023-07-16
ART00295,Pies Small 517,single,,FOOD_TO_GO,Pies,EA,9301000002959,GST_FREE,3.62,2.25,,active,,2025-05-07,2026-03-09
ART00296,Slurpee Large 497,single,,DRINKS_COLD,Slurpee,EA,9301000002966,GST,7.55,4.68,,active,,2023-05-13,2026-04-14
ART00297,Cigars Std 375,single,,TOBACCO,Cigars,EA,9301000002973,GST,40.89,31.67,38.05,active,,2024-05-12,2025-03-14
ART00298,Hot Food Std 838,single,,FOOD_TO_GO,Hot Food,EA,9301000002980,GST_FREE,8.29,6.02,,active,,2022-08-08,2023-05-12
ART00299,Soft Drink Prepack 16pk 961,prepack,,DRINKS_COLD,Soft Drink,PACK,9301000002997,GST,6.16,4.21,,active,,2023-11-17,2025-01-30
ART00300,Chips Small 811,single,,CONFECTIONERY,Chips,EA,9301000003000,GST,2.95,1.57,,active,,2023-10-16,2024-08-09
ART00301,Sandwiches Classic 936,single,,FOOD_TO_GO,Sandwiches,EA,9301000003017,GST_FREE,11.99,6.46,,active,,2023-02-14,2026-06-10
ART00302,Chips Small 127,single,,CONFECTIONERY,Chips,EA,9301000003024,GST,7.13,4.17,,active,,2024-06-16,2025-04-10
ART00303,Diesel Large 242,single,,FUEL,Diesel,L,9301000003031,GST,2.13,1.27,,active,,2026-01-04,2026-04-22
ART00304,Hot Food Small 590,single,,FOOD_TO_GO,Hot Food,EA,9301000003048,GST_FREE,10.42,5.63,,active,,2025-11-17,2026-03-04
ART00305,Chocolate Range 468,generic,,CONFECTIONERY,Chocolate,EA,9301000003055,GST,6.17,3.77,,pending,,2022-06-24,2023-02-02
ART00306,Chocolate Range 468 - Share Pack,variant,ART00305,CONFECTIONERY,Chocolate,EA,9301000003062,GST,5.03,2.66,,active,,2025-10-19,2026-05-11
ART00307,Chocolate Range 468 - Fun Size,variant,ART00305,CONFECTIONERY,Chocolate,EA,9301000003079,GST,7.09,4.01,,active,,2022-08-05,2022-08-26
ART00308,Premium 98 Std 622,single,,FUEL,Premium 98,L,9301000003086,GST,2.53,1.49,,active,,2023-03-29,2025-09-26
ART00309,Slurpee Small 807,single,,DRINKS_COLD,Slurpee,EA,9301000003093,GST,4.03,3.18,,active,,2022-08-03,2024-03-30
ART00310,Hot Food Std 456,single,,FOOD_TO_GO,Hot Food,EA,9301000003109,GST_FREE,5.33,3.85,,active,,2024-09-16,2025-09-07
ART00311,Hot Food Large 426,single,,FOOD_TO_GO,Hot Food,EA,9301000003116,GST_FREE,3.46,2.02,,active,,2022-02-16,2024-01-19
ART00312,Premium 95 Std 628,single,,FUEL,Premium 95,L,9301000003123,GST,1.65,1.02,,active,,2024-08-04,2025-03-29
ART00313,Sandwiches Large 505,single,,FOOD_TO_GO,Sandwiches,EA,9301000003130,GST_FREE,3.17,2.3,,pending,,2025-04-27,2025-12-02
ART00314,Hot Food Std 385,single,,FOOD_TO_GO,Hot Food,EA,9301000003147,GST_FREE,9.49,7.35,,active,,2022-07-28,2025-07-31
ART00315,Rolling Tobacco Large 216,single,,TOBACCO,Rolling Tobacco,EA,9301000003154,GST,55.48,34.83,52.41,active,,2025-05-07,2025-11-21
ART00316,Gum Classic 460,single,,CONFECTIONERY,Gum,EA,9301000003161,GST,7.17,4.03,,active,,2025-12-16,2026-03-02
ART00317,Chocolate Classic 220,single,,CONFECTIONERY,Chocolate,EA,9301000003178,GST,2.33,1.56,,active,,2022-10-17,2025-08-28
ART00318,Pies Small 492,single,,FOOD_TO_GO,Pies,EA,9301000003185,GST_FREE,7.31,4.57,,active,,2025-08-14,2025-11-10
ART00319,Chips Std 291,single,,CONFECTIONERY,Chips,EA,9301000003192,GST,2.62,2.04,,active,,2024-01-06,2024-01-15
ART00320,Sandwiches Large 675,single,,FOOD_TO_GO,Sandwiches,EA,9301000003208,GST_FREE,8.63,5.09,,active,,2024-05-01,2026-04-28
ART00321,Pies Small 131,single,,FOOD_TO_GO,Pies,EA,9301000003215,GST_FREE,7.82,6.15,,active,,2023-04-06,2026-04-11
ART00322,Water Range 679,generic,,DRINKS_COLD,Water,EA,9301000003222,GST,7.41,4.61,,active,,2022-08-20,2025-11-04
ART00323,Water Range 679 - 1.25L,variant,ART00322,DRINKS_COLD,Water,EA,9301000003239,GST,6.71,3.85,,active,,2024-06-22,2026-01-02
ART00324,Water Range 679 - Multipack,variant,ART00322,DRINKS_COLD,Water,EA,9301000003246,GST,4.08,2.36,,pending,,2025-08-31,2026-01-04
ART00325,Soft Drink Classic 982,single,,DRINKS_COLD,Soft Drink,EA,9301000003253,GST,8.23,4.34,,active,,2026-05-08,2026-06-28
ART00326,Cigarettes Range 702,generic,,TOBACCO,Cigarettes,EA,9301000003260,GST,78.84,47.88,73.32,active,,2025-06-15,2025-08-25
ART00327,Cigarettes Range 702 - 25s,variant,ART00326,TOBACCO,Cigarettes,EA,9301000003277,GST,64.67,39.48,58.97,active,,2025-12-12,2026-02-24
ART00328,Cigarettes Range 702 - 20s,variant,ART00326,TOBACCO,Cigarettes,EA,9301000003284,GST,51.94,28.73,50.33,active,,2025-10-23,2026-05-19
ART00329,Premium 95 Large 160,single,,FUEL,Premium 95,L,9301000003291,GST,2.4,1.8,,active,,2022-09-29,2024-02-22
ART00330,Cigars Std 879,single,,TOBACCO,Cigars,EA,9301000003307,GST,59.82,44.56,56.49,active,,2025-07-09,2026-02-06
ART00331,Pies Reg 512,single,,FOOD_TO_GO,Pies,EA,9301000003314,GST_FREE,8.79,4.73,,active,,2024-01-26,2025-05-05
ART00332,Bakery Reg 848,single,,FOOD_TO_GO,Bakery,EA,9301000003321,GST_FREE,14.19,8.33,,active,,2022-05-10,2025-05-08
ART00333,Sandwiches Counter Display 944,display,,FOOD_TO_GO,Sandwiches,CTN,9301000003338,GST_FREE,5.42,3.03,,active,,2023-11-23,2025-06-05
ART00334,Chips Large 907,single,,CONFECTIONERY,Chips,EA,9301000003345,GST,2.97,2.32,,active,,2022-07-23,2026-01-25
ART00335,Hot Food Std 551,single,,FOOD_TO_GO,Hot Food,EA,9301000003352,GST_FREE,8.66,5.67,,active,,2025-11-11,2026-07-01
ART00336,Cigars Classic 195,single,,TOBACCO,Cigars,EA,9301000003369,GST,55.91,37.48,53.86,discontinued,2025-09-23,2022-04-17,2024-07-06
ART00337,Water Reg 820,single,,DRINKS_COLD,Water,EA,9301000003376,GST,2.34,1.8,,active,,2025-04-30,2025-08-23
ART00338,Gum Classic 936,single,,CONFECTIONERY,Gum,EA,9301000003383,GST,2.74,1.61,,active,,2024-09-05,2024-11-16
ART00339,Rolling Tobacco Reg 205,single,,TOBACCO,Rolling Tobacco,EA,9301000003390,GST,49.03,36.61,46.78,active,,2026-03-23,2026-04-09
ART00340,Cigarettes Reg 724,single,,TOBACCO,Cigarettes,EA,9301000003406,GST,69.23,40.26,65.35,active,,2022-11-07,2025-02-27
ART00341,Gum Range 188,generic,,CONFECTIONERY,Gum,EA,9301000003413,GST,4.66,3.5,,active,,2026-02-04,2026-05-13
ART00342,Gum Range 188 - King Size,variant,ART00341,CONFECTIONERY,Gum,EA,9301000003420,GST,2.75,1.95,,active,,2025-05-15,2026-03-18
ART00343,Gum Range 188 - Standard,variant,ART00341,CONFECTIONERY,Gum,EA,9301000003437,GST,5.9,3.17,,active,,2022-02-24,2025-11-03
ART00344,Gum Range 188 - Fun Size,variant,ART00341,CONFECTIONERY,Gum,EA,9301000003444,GST,5.82,3.54,,active,,2023-01-22,2025-04-03
ART00345,Soft Drink Range 912,generic,,DRINKS_COLD,Soft Drink,EA,9301000003451,GST,6.48,4.9,,active,,2024-10-20,2026-06-20
ART00346,Soft Drink Range 912 - Multipack,variant,ART00345,DRINKS_COLD,Soft Drink,EA,9301000003468,GST,7.77,5.82,,active,,2025-03-10,2025-10-11
ART00347,Soft Drink Range 912 - 375ml,variant,ART00345,DRINKS_COLD,Soft Drink,EA,9301000003475,GST,5.45,3.12,,active,,2026-04-27,2026-05-06
ART00348,Unleaded 91 Reg 368,single,,FUEL,Unleaded 91,L,9301000003482,GST,2.58,1.38,,active,,2024-03-26,2025-08-26
ART00349,Juice Range 533,generic,,DRINKS_COLD,Juice,EA,9301000003499,GST,5.48,3.43,,active,,2025-06-15,2025-09-01
ART00350,Juice Range 533 - 375ml,variant,ART00349,DRINKS_COLD,Juice,EA,9301000003505,GST,5.4,3.04,,active,,2025-01-03,2025-12-03
ART00351,Juice Range 533 - 1.25L,variant,ART00349,DRINKS_COLD,Juice,EA,9301000003512,GST,5.66,3.16,,discontinued,2026-06-14,2025-08-10,2025-09-12
ART00352,Juice Range 533 - Multipack,variant,ART00349,DRINKS_COLD,Juice,EA,9301000003529,GST,4.99,2.67,,active,,2023-05-04,2023-08-30
ART00353,Cigarettes Prepack 9pk 564,prepack,,TOBACCO,Cigarettes,PACK,9301000003536,GST,56.45,33.54,53.41,active,,2022-12-26,2023-08-27
ART00354,Premium 95 Reg 267,single,,FUEL,Premium 95,L,9301000003543,GST,2.0,1.26,,active,,2026-01-16,2026-03-23
ART00355,Rolling Tobacco Classic 850,single,,TOBACCO,Rolling Tobacco,EA,9301000003550,GST,66.42,52.34,63.53,active,,2023-07-12,2026-06-18
ART00356,Premium 98 Small 742,single,,FUEL,Premium 98,L,9301000003567,GST,1.63,1.1,,active,,2024-10-20,2026-05-23
ART00357,Rolling Tobacco Reg 687,single,,TOBACCO,Rolling Tobacco,EA,9301000003574,GST,62.11,35.87,55.91,active,,2022-01-26,2023-06-10
ART00358,Diesel Classic 492,single,,FUEL,Diesel,L,9301000003581,GST,2.55,1.36,,discontinued,2025-07-19,2025-02-06,2026-03-24
ART00359,Sandwiches Large 837,single,,FOOD_TO_GO,Sandwiches,EA,9301000003598,GST_FREE,7.22,4.45,,active,,2022-09-02,2025-06-26
ART00360,Premium 95 Std 923,single,,FUEL,Premium 95,L,9301000003604,GST,1.69,1.12,,active,,2024-08-10,2025-05-26
ART00361,Energy Drink Large 108,single,,DRINKS_COLD,Energy Drink,EA,9301000003611,GST,4.77,2.71,,active,,2026-02-23,2026-04-26
ART00362,Bakery Large 891,single,,FOOD_TO_GO,Bakery,EA,9301000003628,GST_FREE,11.75,7.32,,active,,2023-05-18,2024-03-21
ART00363,Diesel Reg 338,single,,FUEL,Diesel,L,9301000003635,GST,2.42,1.42,,active,,2022-01-20,2023-12-07
ART00364,Diesel Classic 206,single,,FUEL,Diesel,L,9301000003642,GST,2.13,1.4,,discontinued,2025-07-31,2022-10-19,2024-05-14
ART00365,Unleaded 91 Std 965,single,,FUEL,Unleaded 91,L,9301000003659,GST,2.15,1.44,,active,,2026-03-12,2026-03-22
ART00366,Chocolate Large 176,single,,CONFECTIONERY,Chocolate,EA,9301000003666,GST,4.24,2.52,,pending,,2022-09-25,2024-01-22
ART00367,Energy Drink Range 920,generic,,DRINKS_COLD,Energy Drink,EA,9301000003673,GST,4.94,3.38,,discontinued,2026-02-17,2023-07-11,2024-10-31
ART00368,Energy Drink Range 920 - 600ml,variant,ART00367,DRINKS_COLD,Energy Drink,EA,9301000003680,GST,6.03,4.46,,active,,2022-12-03,2025-06-10
ART00369,Energy Drink Range 920 - Multipack,variant,ART00367,DRINKS_COLD,Energy Drink,EA,9301000003697,GST,5.03,3.15,,active,,2026-04-27,2026-05-23
ART00370,Bakery Reg 192,single,,FOOD_TO_GO,Bakery,EA,9301000003703,GST_FREE,5.7,3.19,,active,,2025-11-28,2026-05-01
ART00371,Premium 95 Classic 251,single,,FUEL,Premium 95,L,9301000003710,GST,1.51,1.02,,active,,2024-11-17,2025-01-06
ART00372,Energy Drink Range 278,generic,,DRINKS_COLD,Energy Drink,EA,9301000003727,GST,2.67,1.73,,active,,2026-03-13,2026-05-22
ART00373,Energy Drink Range 278 - 375ml,variant,ART00372,DRINKS_COLD,Energy Drink,EA,9301000003734,GST,2.99,2.25,,active,,2022-05-07,2023-08-05
ART00374,Energy Drink Range 278 - Can,variant,ART00372,DRINKS_COLD,Energy Drink,EA,9301000003741,GST,3.55,2.38,,active,,2025-07-14,2026-06-09
ART00375,Premium 98 Reg 122,single,,FUEL,Premium 98,L,9301000003758,GST,2.35,1.41,,active,,2022-09-21,2023-03-28
ART00376,Soft Drink Large 151,single,,DRINKS_COLD,Soft Drink,EA,9301000003765,GST,4.14,2.32,,active,,2024-03-19,2025-08-09
ART00377,Diesel Large 276,single,,FUEL,Diesel,L,9301000003772,GST,2.07,1.45,,active,,2024-07-02,2024-12-01
ART00378,Premium 95 Classic 610,single,,FUEL,Premium 95,L,9301000003789,GST,1.69,1.31,,active,,2023-07-27,2025-09-18
ART00379,Rolling Tobacco Small 355,single,,TOBACCO,Rolling Tobacco,EA,9301000003796,GST,79.87,45.21,77.41,active,,2026-05-21,2026-06-12
ART00380,Pies Small 614,single,,FOOD_TO_GO,Pies,EA,9301000003802,GST_FREE,4.61,3.64,,active,,2025-05-07,2025-08-27
ART00381,Premium 98 Reg 928,single,,FUEL,Premium 98,L,9301000003819,GST,2.8,1.6,,active,,2023-04-22,2024-03-13
ART00382,Premium 95 Std 372,single,,FUEL,Premium 95,L,9301000003826,GST,2.59,1.5,,active,,2026-04-14,2026-05-12
ART00383,Gum Std 280,single,,CONFECTIONERY,Gum,EA,9301000003833,GST,2.92,1.69,,discontinued,2025-12-31,2025-04-26,2025-05-10
ART00384,Juice Small 292,single,,DRINKS_COLD,Juice,EA,9301000003840,GST,9.46,5.03,,active,,2025-01-15,2025-11-27
ART00385,Rolling Tobacco Reg 338,single,,TOBACCO,Rolling Tobacco,EA,9301000003857,GST,51.16,32.78,47.23,active,,2025-06-11,2025-09-22
ART00386,Rolling Tobacco Classic 160,single,,TOBACCO,Rolling Tobacco,EA,9301000003864,GST,46.14,24.99,44.03,active,,2024-12-13,2025-12-21
ART00387,Premium 98 Large 700,single,,FUEL,Premium 98,L,9301000003871,GST,1.41,1.05,,active,,2022-11-19,2025-05-01
ART00388,Bakery Small 810,single,,FOOD_TO_GO,Bakery,EA,9301000003888,GST_FREE,11.47,7.74,,active,,2025-09-25,2025-12-23
ART00389,Bakery Range 401,generic,,FOOD_TO_GO,Bakery,EA,9301000003895,GST_FREE,5.67,3.04,,active,,2025-03-19,2025-10-05
ART00390,Bakery Range 401 - Single,variant,ART00389,FOOD_TO_GO,Bakery,EA,9301000003901,GST_FREE,12.46,8.94,,pending,,2025-03-04,2025-04-26
ART00391,Bakery Range 401 - Twin Pack,variant,ART00389,FOOD_TO_GO,Bakery,EA,9301000003918,GST_FREE,11.6,6.69,,active,,2023-05-03,2025-04-12
ART00392,Bakery Range 401 - Family,variant,ART00389,FOOD_TO_GO,Bakery,EA,9301000003925,GST_FREE,12.8,7.01,,active,,2022-07-01,2026-06-21
ART00393,Bakery Range 401 - Regular,variant,ART00389,FOOD_TO_GO,Bakery,EA,9301000003932,GST_FREE,9.71,6.61,,active,,2022-01-24,2023-07-21
ART00394,Cigarettes Classic 362,single,,TOBACCO,Cigarettes,EA,9301000003949,GST,62.19,48.54,57.88,active,,2024-05-09,2024-10-26
ART00395,Pies Range 459,generic,,FOOD_TO_GO,Pies,EA,9301000003956,GST_FREE,7.11,4.55,,discontinued,2026-04-22,2025-08-26,2025-12-19
ART00396,Pies Range 459 - Regular,variant,ART00395,FOOD_TO_GO,Pies,EA,9301000003963,GST_FREE,7.19,5.69,,discontinued,2025-11-11,2022-08-03,2023-01-01
ART00397,Pies Range 459 - Single,variant,ART00395,FOOD_TO_GO,Pies,EA,9301000003970,GST_FREE,6.35,4.69,,active,,2022-06-03,2025-06-27
ART00398,Premium 98 Small 728,single,,FUEL,Premium 98,L,9301000003987,GST,2.53,1.65,,active,,2025-08-31,2025-11-23
ART00399,Gum Reg 439,single,,CONFECTIONERY,Gum,EA,9301000003994,GST,2.57,1.51,,active,,2026-01-18,2026-06-05
ART00400,Energy Drink Reg 150,single,,DRINKS_COLD,Energy Drink,EA,9301000004007,GST,4.82,3.07,,active,,2022-04-22,2024-04-29
ART00401,Diesel Reg 401,single,,FUEL,Diesel,L,9301000004014,GST,2.45,1.57,,discontinued,2025-08-19,2022-02-22,2023-04-21
ART00402,Cigars Reg 584,single,,TOBACCO,Cigars,EA,9301000004021,GST,65.03,43.11,60.75,active,,2025-09-15,2026-01-28
ART00403,Diesel Std 479,single,,FUEL,Diesel,L,9301000004038,GST,2.23,1.45,,active,,2023-06-24,2025-12-10
ART00404,Bakery Classic 677,single,,FOOD_TO_GO,Bakery,EA,9301000004045,GST_FREE,4.41,2.62,,active,,2022-06-25,2026-03-24
ART00405,Juice Small 332,single,,DRINKS_COLD,Juice,EA,9301000004052,GST,7.13,4.0,,discontinued,2026-01-31,2025-01-01,2026-05-02
ART00406,Chips Reg 504,single,,CONFECTIONERY,Chips,EA,9301000004069,GST,6.9,4.38,,active,,2024-11-24,2025-04-23
ART00407,Diesel Std 271,single,,FUEL,Diesel,L,9301000004076,GST,2.33,1.75,,active,,2024-05-17,2024-08-05
ART00408,Sandwiches Counter Display 742,display,,FOOD_TO_GO,Sandwiches,CTN,9301000004083,GST_FREE,4.42,3.03,,discontinued,2025-08-04,2022-06-28,2024-08-30
ART00409,Gum Classic 632,single,,CONFECTIONERY,Gum,EA,9301000004090,GST,5.13,2.91,,active,,2025-06-30,2026-04-26
ART00410,Gum Std 251,single,,CONFECTIONERY,Gum,EA,9301000004106,GST,5.65,3.01,,active,,2022-07-25,2023-02-26
ART00411,Chocolate Range 988,generic,,CONFECTIONERY,Chocolate,EA,9301000004113,GST,4.04,2.66,,pending,,2024-02-24,2025-12-25
ART00412,Chocolate Range 988 - King Size,variant,ART00411,CONFECTIONERY,Chocolate,EA,9301000004120,GST,2.78,1.69,,pending,,2025-11-21,2026-03-03
ART00413,Chocolate Range 988 - Fun Size,variant,ART00411,CONFECTIONERY,Chocolate,EA,9301000004137,GST,1.92,1.31,,active,,2023-05-02,2023-08-10
ART00414,Chocolate Range 988 - Share Pack,variant,ART00411,CONFECTIONERY,Chocolate,EA,9301000004144,GST,7.48,4.08,,active,,2022-02-11,2024-01-03
ART00415,Energy Drink Large 978,single,,DRINKS_COLD,Energy Drink,EA,9301000004151,GST,6.24,3.44,,active,,2022-10-03,2024-06-09
ART00416,Bakery Large 719,single,,FOOD_TO_GO,Bakery,EA,9301000004168,GST_FREE,7.3,5.26,,active,,2024-04-13,2026-05-11
ART00417,Bakery Range 627,generic,,FOOD_TO_GO,Bakery,EA,9301000004175,GST_FREE,9.81,5.73,,active,,2024-04-06,2024-08-22
ART00418,Bakery Range 627 - Large,variant,ART00417,FOOD_TO_GO,Bakery,EA,9301000004182,GST_FREE,8.41,6.53,,active,,2022-03-09,2024-09-28
ART00419,Bakery Range 627 - Single,variant,ART00417,FOOD_TO_GO,Bakery,EA,9301000004199,GST_FREE,3.05,2.21,,active,,2024-01-25,2026-05-17
ART00420,Bakery Range 627 - Regular,variant,ART00417,FOOD_TO_GO,Bakery,EA,9301000004205,GST_FREE,8.62,4.66,,active,,2025-10-27,2025-11-03
ART00421,Bakery Range 627 - Family,variant,ART00417,FOOD_TO_GO,Bakery,EA,9301000004212,GST_FREE,5.36,3.48,,active,,2024-08-29,2026-04-21
ART00422,Lollies Classic 866,single,,CONFECTIONERY,Lollies,EA,9301000004229,GST,4.11,3.24,,active,,2022-04-12,2023-03-11
ART00423,Chips Range 762,generic,,CONFECTIONERY,Chips,EA,9301000004236,GST,2.64,1.58,,active,,2024-11-17,2024-12-07
ART00424,Chips Range 762 - Fun Size,variant,ART00423,CONFECTIONERY,Chips,EA,9301000004243,GST,3.52,2.49,,active,,2023-09-18,2025-09-16
ART00425,Chips Range 762 - Standard,variant,ART00423,CONFECTIONERY,Chips,EA,9301000004250,GST,6.86,4.5,,active,,2024-02-11,2025-02-02
ART00426,Chips Range 762 - King Size,variant,ART00423,CONFECTIONERY,Chips,EA,9301000004267,GST,3.31,2.29,,active,,2024-12-02,2026-01-12
ART00427,Chips Range 762 - Share Pack,variant,ART00423,CONFECTIONERY,Chips,EA,9301000004274,GST,4.64,2.44,,discontinued,2026-01-08,2025-02-23,2026-01-20
ART00428,Lollies Reg 593,single,,CONFECTIONERY,Lollies,EA,9301000004281,GST,2.42,1.45,,active,,2023-07-22,2025-01-06
ART00429,Water Std 158,single,,DRINKS_COLD,Water,EA,9301000004298,GST,8.04,4.9,,active,,2025-09-14,2026-02-24
ART00430,Cigars Large 402,single,,TOBACCO,Cigars,EA,9301000004304,GST,44.64,29.71,40.29,active,,2025-12-21,2026-05-16
ART00431,Rolling Tobacco Range 327,generic,,TOBACCO,Rolling Tobacco,EA,9301000004311,GST,69.1,44.32,66.74,active,,2024-01-05,2025-06-07
ART00432,Rolling Tobacco Range 327 - 25s,variant,ART00431,TOBACCO,Rolling Tobacco,EA,9301000004328,GST,54.06,31.22,51.4,active,,2025-02-18,2026-03-15
ART00433,Rolling Tobacco Range 327 - 30s,variant,ART00431,TOBACCO,Rolling Tobacco,EA,9301000004335,GST,103.22,56.26,97.63,active,,2023-04-01,2025-03-28
ART00434,Rolling Tobacco Range 327 - 20s,variant,ART00431,TOBACCO,Rolling Tobacco,EA,9301000004342,GST,51.38,33.73,49.43,active,,2024-02-01,2024-10-24
ART00435,Lollies Reg 581,single,,CONFECTIONERY,Lollies,EA,9301000004359,GST,2.03,1.25,,active,,2025-06-25,2025-07-31
ART00436,Sandwiches Large 642,single,,FOOD_TO_GO,Sandwiches,EA,9301000004366,GST_FREE,5.78,3.2,,active,,2022-10-09,2023-11-23
ART00437,Slurpee Counter Display 568,display,,DRINKS_COLD,Slurpee,CTN,9301000004373,GST,3.36,2.46,,active,,2022-06-15,2025-03-09
ART00438,Water Reg 104,single,,DRINKS_COLD,Water,EA,9301000004380,GST,5.03,2.87,,active,,2025-03-26,2026-04-21
ART00439,Rolling Tobacco Range 898,generic,,TOBACCO,Rolling Tobacco,EA,9301000004397,GST,45.03,27.1,41.8,active,,2024-09-04,2025-10-01
ART00440,Rolling Tobacco Range 898 - 20s,variant,ART00439,TOBACCO,Rolling Tobacco,EA,9301000004403,GST,34.82,27.65,32.12,active,,2024-12-23,2025-07-06
ART00441,Rolling Tobacco Range 898 - 30s,variant,ART00439,TOBACCO,Rolling Tobacco,EA,9301000004410,GST,33.98,19.68,31.12,pending,,2023-12-07,2024-10-21
ART00442,Cigarettes Small 413,single,,TOBACCO,Cigarettes,EA,9301000004427,GST,45.5,31.51,41.88,active,,2026-01-30,2026-06-12
ART00443,Lollies Std 450,single,,CONFECTIONERY,Lollies,EA,9301000004434,GST,7.58,4.36,,active,,2022-12-04,2025-03-09
ART00444,Premium 95 Std 844,single,,FUEL,Premium 95,L,9301000004441,GST,1.78,1.41,,active,,2024-10-30,2025-04-21
ART00445,Premium 98 Reg 484,single,,FUEL,Premium 98,L,9301000004458,GST,2.22,1.39,,discontinued,2025-07-25,2025-05-01,2025-05-25
ART00446,Unleaded 91 Reg 806,single,,FUEL,Unleaded 91,L,9301000004465,GST,1.49,1.12,,pending,,2023-06-02,2026-01-28
ART00447,Cigarettes Reg 408,single,,TOBACCO,Cigarettes,EA,9301000004472,GST,47.36,29.82,44.69,active,,2025-12-06,2026-01-10
ART00448,Hot Food Small 220,single,,FOOD_TO_GO,Hot Food,EA,9301000004489,GST_FREE,6.51,4.14,,active,,2025-06-01,2025-09-11
ART00449,Juice Counter Display 466,display,,DRINKS_COLD,Juice,CTN,9301000004496,GST,4.78,3.75,,active,,2024-10-13,2025-05-13
ART00450,Bakery Reg 787,single,,FOOD_TO_GO,Bakery,EA,9301000004502,GST_FREE,3.57,2.2,,active,,2024-10-08,2025-03-09
ART00451,Unleaded 91 Reg 362,single,,FUEL,Unleaded 91,L,9301000004519,GST,2.6,1.38,,active,,2023-06-25,2026-01-30
ART00452,Unleaded 91 Std 995,single,,FUEL,Unleaded 91,L,9301000004526,GST,1.79,1.01,,active,,2023-10-03,2024-12-12
ART00453,Unleaded 91 Reg 109,single,,FUEL,Unleaded 91,L,9301000004533,GST,2.18,1.6,,discontinued,2025-12-31,2024-06-15,2026-03-13
ART00454,Soft Drink Classic 287,single,,DRINKS_COLD,Soft Drink,EA,9301000004540,GST,3.09,2.0,,active,,2024-02-29,2026-02-04
ART00455,Pies Std 215,single,,FOOD_TO_GO,Pies,EA,9301000004557,GST_FREE,5.8,3.07,,active,,2022-11-23,2023-06-23
ART00456,Pies Range 794,generic,,FOOD_TO_GO,Pies,EA,9301000004564,GST_FREE,8.57,4.88,,active,,2025-06-06,2025-06-20
ART00457,Pies Range 794 - Twin Pack,variant,ART00456,FOOD_TO_GO,Pies,EA,9301000004571,GST_FREE,9.36,7.25,,active,,2025-09-03,2026-02-10
ART00458,Pies Range 794 - Regular,variant,ART00456,FOOD_TO_GO,Pies,EA,9301000004588,GST_FREE,3.8,2.39,,active,,2026-03-03,2026-05-15
ART00459,Pies Range 794 - Large,variant,ART00456,FOOD_TO_GO,Pies,EA,9301000004595,GST_FREE,10.8,5.77,,active,,2023-11-24,2025-05-08
ART00460,Pies Range 794 - Single,variant,ART00456,FOOD_TO_GO,Pies,EA,9301000004601,GST_FREE,7.33,5.59,,active,,2025-09-17,2026-01-22
ART00461,Bakery Large 252,single,,FOOD_TO_GO,Bakery,EA,9301000004618,GST_FREE,13.77,7.28,,active,,2022-04-22,2022-05-15
ART00462,Cigars Range 972,generic,,TOBACCO,Cigars,EA,9301000004625,GST,56.38,32.43,52.01,active,,2023-11-09,2024-08-19
ART00463,Cigars Range 972 - 25s,variant,ART00462,TOBACCO,Cigars,EA,9301000004632,GST,55.45,39.53,51.69,active,,2025-03-19,2025-11-03
ART00464,Cigars Range 972 - 30s,variant,ART00462,TOBACCO,Cigars,EA,9301000004649,GST,37.83,25.99,36.64,pending,,2026-03-07,2026-05-29
ART00465,Unleaded 91 Large 522,single,,FUEL,Unleaded 91,L,9301000004656,GST,2.0,1.12,,active,,2025-05-22,2026-04-03
ART00466,Juice Large 449,single,,DRINKS_COLD,Juice,EA,9301000004663,GST,3.39,2.43,,active,,2024-07-19,2025-06-23
ART00467,Gum Classic 833,single,,CONFECTIONERY,Gum,EA,9301000004670,GST,3.63,2.16,,discontinued,2025-07-02,2023-12-01,2024-11-28
ART00468,Juice Reg 146,single,,DRINKS_COLD,Juice,EA,9301000004687,GST,8.39,4.7,,active,,2026-03-01,2026-06-01
ART00469,Hot Food Std 292,single,,FOOD_TO_GO,Hot Food,EA,9301000004694,GST_FREE,4.34,3.12,,pending,,2026-05-20,2026-06-01
ART00470,Soft Drink Range 147,generic,,DRINKS_COLD,Soft Drink,EA,9301000004700,GST,8.85,5.42,,active,,2026-05-01,2026-06-27
ART00471,Soft Drink Range 147 - Can,variant,ART00470,DRINKS_COLD,Soft Drink,EA,9301000004717,GST,2.98,1.85,,pending,,2024-06-05,2026-01-25
ART00472,Soft Drink Range 147 - 600ml,variant,ART00470,DRINKS_COLD,Soft Drink,EA,9301000004724,GST,6.16,3.33,,active,,2022-12-29,2026-03-27
ART00473,Soft Drink Range 147 - Multipack,variant,ART00470,DRINKS_COLD,Soft Drink,EA,9301000004731,GST,3.35,2.54,,discontinued,2026-06-02,2025-05-14,2026-03-20
ART00474,Juice Range 528,generic,,DRINKS_COLD,Juice,EA,9301000004748,GST,10.05,5.76,,active,,2023-07-15,2025-10-06
ART00475,Juice Range 528 - 1.25L,variant,ART00474,DRINKS_COLD,Juice,EA,9301000004755,GST,4.09,2.24,,pending,,2024-11-15,2025-09-17
ART00476,Juice Range 528 - Can,variant,ART00474,DRINKS_COLD,Juice,EA,9301000004762,GST,6.7,4.61,,active,,2026-02-18,2026-04-14
ART00477,Juice Range 528 - 375ml,variant,ART00474,DRINKS_COLD,Juice,EA,9301000004779,GST,3.55,2.47,,active,,2023-12-09,2025-10-27
ART00478,Cigars Std 615,single,,TOBACCO,Cigars,EA,9301000004786,GST,68.83,40.21,65.61,pending,,2025-02-25,2025-10-28
ART00479,Gum Small 392,single,,CONFECTIONERY,Gum,EA,9301000004793,GST,4.86,3.86,,active,,2022-08-07,2022-09-27
ART00480,Sandwiches Reg 304,single,,FOOD_TO_GO,Sandwiches,EA,9301000004809,GST_FREE,7.61,4.03,,active,,2025-10-31,2026-01-03
ART00481,Cigarettes Classic 308,single,,TOBACCO,Cigarettes,EA,9301000004816,GST,64.69,36.36,58.69,active,,2025-10-15,2026-02-06
ART00482,Gum Classic 809,single,,CONFECTIONERY,Gum,EA,9301000004823,GST,5.66,3.77,,active,,2025-11-04,2026-01-23
ART00483,Chocolate Classic 307,single,,CONFECTIONERY,Chocolate,EA,9301000004830,GST,6.23,3.43,,active,,2023-04-07,2025-04-29
ART00484,Chips Range 298,generic,,CONFECTIONERY,Chips,EA,9301000004847,GST,3.0,1.77,,active,,2023-01-18,2024-01-08
ART00485,Chips Range 298 - Fun Size,variant,ART00484,CONFECTIONERY,Chips,EA,9301000004854,GST,2.41,1.78,,discontinued,2025-11-08,2022-01-12,2023-11-19
ART00486,Chips Range 298 - Standard,variant,ART00484,CONFECTIONERY,Chips,EA,9301000004861,GST,3.84,3.01,,active,,2023-10-23,2025-06-25
ART00487,Chips Range 298 - King Size,variant,ART00484,CONFECTIONERY,Chips,EA,9301000004878,GST,2.26,1.37,,active,,2025-09-17,2026-02-18
ART00488,Chips Range 298 - Share Pack,variant,ART00484,CONFECTIONERY,Chips,EA,9301000004885,GST,4.06,2.74,,pending,,2026-05-25,2026-06-14
ART00489,Chips Prepack 22pk 169,prepack,,CONFECTIONERY,Chips,PACK,9301000004892,GST,5.13,3.2,,discontinued,2026-01-23,2022-07-08,2024-06-22
ART00490,Cigarettes Classic 469,single,,TOBACCO,Cigarettes,EA,9301000004908,GST,60.81,36.81,56.75,active,,2025-02-23,2026-04-20
ART00491,Unleaded 91 Classic 556,single,,FUEL,Unleaded 91,L,9301000004915,GST,2.33,1.26,,active,,2023-05-15,2023-08-04
ART00492,Slurpee Prepack 9pk 495,prepack,,DRINKS_COLD,Slurpee,PACK,9301000004922,GST,3.51,2.77,,active,,2024-11-24,2025-12-12
ART00493,Gum Classic 767,single,,CONFECTIONERY,Gum,EA,9301000004939,GST,3.12,1.67,,active,,2022-12-09,2025-12-14
ART00494,Chocolate Std 786,single,,CONFECTIONERY,Chocolate,EA,9301000004946,GST,4.75,2.8,,active,,2022-08-01,2023-09-26
ART00495,Gum Reg 864,single,,CONFECTIONERY,Gum,EA,9301000004953,GST,4.7,2.74,,active,,2022-03-19,2022-09-14
ART00496,Unleaded 91 Std 913,single,,FUEL,Unleaded 91,L,9301000004960,GST,1.82,1.02,,active,,2023-06-14,2025-09-25
ART00497,Pies Large 423,single,,FOOD_TO_GO,Pies,EA,9301000004977,GST_FREE,3.61,2.26,,active,,2025-08-06,2026-06-18
ART00498,Unleaded 91 Reg 466,single,,FUEL,Unleaded 91,L,9301000004984,GST,2.33,1.32,,pending,,2023-09-10,2024-03-05
ART00499,Slurpee Reg 585,single,,DRINKS_COLD,Slurpee,EA,9301000004991,GST,3.45,1.99,,pending,,2025-01-22,2025-11-20
ART00500,Rolling Tobacco Classic 111,single,,TOBACCO,Rolling Tobacco,EA,9301000005004,GST,52.35,39.36,47.13,active,,2025-05-06,2025-11-23
ART00501,Chocolate Classic 316,single,,CONFECTIONERY,Chocolate,EA,9301000005011,GST,4.02,2.54,,active,,2022-11-26,2023-12-07
ART00502,Cigars Range 298,generic,,TOBACCO,Cigars,EA,9301000005028,GST,45.99,28.41,41.57,active,,2026-03-19,2026-05-28
ART00503,Cigars Range 298 - 20s,variant,ART00502,TOBACCO,Cigars,EA,9301000005035,GST,43.92,26.99,42.45,active,,2024-01-02,2024-05-12
ART00504,Cigars Range 298 - 25s,variant,ART00502,TOBACCO,Cigars,EA,9301000005042,GST,54.04,37.65,48.9,active,,2023-02-01,2024-11-12
ART00505,Cigars Range 298 - 40s,variant,ART00502,TOBACCO,Cigars,EA,9301000005059,GST,57.76,34.41,54.79,active,,2022-11-09,2026-01-10
ART00506,Lollies Range 538,generic,,CONFECTIONERY,Lollies,EA,9301000005066,GST,2.59,1.47,,discontinued,2026-06-30,2026-02-24,2026-06-15
ART00507,Lollies Range 538 - Share Pack,variant,ART00506,CONFECTIONERY,Lollies,EA,9301000005073,GST,5.81,3.92,,active,,2023-09-18,2025-01-28
ART00508,Lollies Range 538 - Fun Size,variant,ART00506,CONFECTIONERY,Lollies,EA,9301000005080,GST,4.16,2.53,,discontinued,2025-11-21,2022-10-14,2025-10-21
ART00509,Lollies Range 538 - Standard,variant,ART00506,CONFECTIONERY,Lollies,EA,9301000005097,GST,3.02,1.82,,active,,2026-01-29,2026-02-17
ART00510,Unleaded 91 Small 692,single,,FUEL,Unleaded 91,L,9301000005103,GST,2.45,1.33,,active,,2025-02-03,2025-10-27
ART00511,Gum Std 474,single,,CONFECTIONERY,Gum,EA,9301000005110,GST,4.38,2.68,,active,,2023-08-19,2024-05-19
ART00512,Hot Food Small 110,single,,FOOD_TO_GO,Hot Food,EA,9301000005127,GST_FREE,12.12,6.83,,discontinued,2026-05-11,2025-11-02,2025-12-14
ART00513,Chips Std 679,single,,CONFECTIONERY,Chips,EA,9301000005134,GST,8.38,4.46,,discontinued,2026-03-05,2024-01-05,2024-02-15
ART00514,Rolling Tobacco Classic 478,single,,TOBACCO,Rolling Tobacco,EA,9301000005141,GST,50.47,31.81,48.22,active,,2024-03-05,2025-06-28
ART00515,Hot Food Classic 205,single,,FOOD_TO_GO,Hot Food,EA,9301000005158,GST_FREE,11.36,6.35,,active,,2026-02-28,2026-04-02
ART00516,Chips Large 474,single,,CONFECTIONERY,Chips,EA,9301000005165,GST,4.47,3.44,,active,,2023-05-31,2025-07-09
ART00517,Cigars Classic 598,single,,TOBACCO,Cigars,EA,9301000005172,GST,64.57,51.48,62.1,active,,2024-06-19,2024-12-05
ART00518,Cigarettes Classic 316,single,,TOBACCO,Cigarettes,EA,9301000005189,GST,39.67,24.17,37.97,pending,,2025-09-15,2026-01-10
ART00519,Bakery Range 593,generic,,FOOD_TO_GO,Bakery,EA,9301000005196,GST_FREE,9.93,6.08,,active,,2025-08-18,2026-03-16
ART00520,Bakery Range 593 - Twin Pack,variant,ART00519,FOOD_TO_GO,Bakery,EA,9301000005202,GST_FREE,3.88,2.9,,active,,2024-11-15,2024-12-25
ART00521,Bakery Range 593 - Single,variant,ART00519,FOOD_TO_GO,Bakery,EA,9301000005219,GST_FREE,8.77,6.46,,active,,2023-01-04,2025-11-27
ART00522,Hot Food Range 845,generic,,FOOD_TO_GO,Hot Food,EA,9301000005226,GST_FREE,7.26,5.56,,pending,,2024-07-08,2026-03-21
ART00523,Hot Food Range 845 - Regular,variant,ART00522,FOOD_TO_GO,Hot Food,EA,9301000005233,GST_FREE,12.95,7.33,,active,,2026-04-21,2026-05-14
ART00524,Hot Food Range 845 - Twin Pack,variant,ART00522,FOOD_TO_GO,Hot Food,EA,9301000005240,GST_FREE,7.92,5.83,,active,,2025-11-05,2026-01-31
ART00525,Hot Food Range 845 - Single,variant,ART00522,FOOD_TO_GO,Hot Food,EA,9301000005257,GST_FREE,10.23,7.9,,active,,2024-02-14,2025-03-14
ART00526,Cigarettes Small 980,single,,TOBACCO,Cigarettes,EA,9301000005264,GST,91.99,51.47,86.69,active,,2022-12-30,2025-08-30
ART00527,Chocolate Range 644,generic,,CONFECTIONERY,Chocolate,EA,9301000005271,GST,3.64,2.33,,active,,2022-09-24,2026-02-10
ART00528,Chocolate Range 644 - Fun Size,variant,ART00527,CONFECTIONERY,Chocolate,EA,9301000005288,GST,3.0,1.88,,active,,2023-04-15,2025-12-27
ART00529,Chocolate Range 644 - Share Pack,variant,ART00527,CONFECTIONERY,Chocolate,EA,9301000005295,GST,5.75,3.52,,discontinued,2026-06-22,2025-03-25,2025-05-14
ART00530,Chocolate Range 644 - Standard,variant,ART00527,CONFECTIONERY,Chocolate,EA,9301000005301,GST,3.9,2.23,,active,,2022-06-21,2024-01-22
ART00531,Chocolate Range 644 - King Size,variant,ART00527,CONFECTIONERY,Chocolate,EA,9301000005318,GST,4.37,3.08,,pending,,2022-01-12,2026-01-03
ART00532,Unleaded 91 Small 107,single,,FUEL,Unleaded 91,L,9301000005325,GST,2.0,1.13,,pending,,2024-04-17,2025-04-22
ART00533,Premium 95 Large 767,single,,FUEL,Premium 95,L,9301000005332,GST,2.0,1.25,,active,,2025-03-02,2025-09-05
ART00534,Lollies Counter Display 506,display,,CONFECTIONERY,Lollies,CTN,9301000005349,GST,6.07,3.45,,active,,2024-09-15,2025-03-17
ART00535,Juice Classic 414,single,,DRINKS_COLD,Juice,EA,9301000005356,GST,6.05,4.01,,discontinued,2025-09-09,2025-09-12,2025-11-11
ART00536,Rolling Tobacco Range 265,generic,,TOBACCO,Rolling Tobacco,EA,9301000005363,GST,46.51,26.41,44.47,active,,2025-06-11,2026-06-02
ART00537,Rolling Tobacco Range 265 - 20s,variant,ART00536,TOBACCO,Rolling Tobacco,EA,9301000005370,GST,79.03,50.77,74.45,active,,2022-06-30,2022-11-08
ART00538,Rolling Tobacco Range 265 - 40s,variant,ART00536,TOBACCO,Rolling Tobacco,EA,9301000005387,GST,48.16,29.26,45.79,active,,2024-03-31,2025-12-19
ART00539,Rolling Tobacco Range 265 - 25s,variant,ART00536,TOBACCO,Rolling Tobacco,EA,9301000005394,GST,71.43,38.07,64.57,active,,2026-05-04,2026-06-25
ART00540,Rolling Tobacco Range 265 - 30s,variant,ART00536,TOBACCO,Rolling Tobacco,EA,9301000005400,GST,35.57,28.3,34.13,pending,,2024-11-27,2025-09-15
ART00541,Cigarettes Range 622,generic,,TOBACCO,Cigarettes,EA,9301000005417,GST,46.0,33.82,41.52,active,,2023-05-05,2023-05-05
ART00542,Cigarettes Range 622 - 20s,variant,ART00541,TOBACCO,Cigarettes,EA,9301000005424,GST,63.66,42.25,59.91,active,,2024-11-26,2024-12-11
ART00543,Cigarettes Range 622 - 25s,variant,ART00541,TOBACCO,Cigarettes,EA,9301000005431,GST,47.86,36.57,44.03,active,,2025-02-19,2026-06-02
ART00544,Lollies Classic 331,single,,CONFECTIONERY,Lollies,EA,9301000005448,GST,5.03,2.71,,active,,2025-03-23,2025-03-25
ART00545,Water Reg 672,single,,DRINKS_COLD,Water,EA,9301000005455,GST,3.32,1.78,,active,,2024-11-17,2025-08-07
ART00546,Lollies Large 676,single,,CONFECTIONERY,Lollies,EA,9301000005462,GST,3.52,2.39,,active,,2026-05-08,2026-06-06
ART00547,Hot Food Classic 169,single,,FOOD_TO_GO,Hot Food,EA,9301000005479,GST_FREE,6.7,4.81,,active,,2025-12-07,2026-02-03
ART00548,Slurpee Prepack 22pk 648,prepack,,DRINKS_COLD,Slurpee,PACK,9301000005486,GST,2.72,1.93,,active,,2022-07-10,2024-10-04
ART00549,Soft Drink Std 587,single,,DRINKS_COLD,Soft Drink,EA,9301000005493,GST,3.99,2.46,,active,,2023-01-10,2024-02-03
ART00550,Sandwiches Std 993,single,,FOOD_TO_GO,Sandwiches,EA,9301000005509,GST_FREE,5.86,3.27,,active,,2025-06-20,2025-12-19
ART00551,Cigarettes Reg 792,single,,TOBACCO,Cigarettes,EA,9301000005516,GST,61.84,49.3,59.37,discontinued,2025-07-22,2024-09-14,2025-09-29
ART00552,Lollies Small 989,single,,CONFECTIONERY,Lollies,EA,9301000005523,GST,2.99,1.71,,active,,2024-11-12,2025-08-25
ART00553,Sandwiches Range 231,generic,,FOOD_TO_GO,Sandwiches,EA,9301000005530,GST_FREE,4.07,2.61,,active,,2025-01-12,2025-02-14
ART00554,Sandwiches Range 231 - Family,variant,ART00553,FOOD_TO_GO,Sandwiches,EA,9301000005547,GST_FREE,6.55,4.13,,discontinued,2025-12-09,2025-11-12,2025-11-14
ART00555,Sandwiches Range 231 - Regular,variant,ART00553,FOOD_TO_GO,Sandwiches,EA,9301000005554,GST_FREE,3.04,1.87,,active,,2023-10-29,2024-11-02
ART00556,Sandwiches Range 231 - Large,variant,ART00553,FOOD_TO_GO,Sandwiches,EA,9301000005561,GST_FREE,8.42,5.24,,active,,2023-05-01,2024-11-02
ART00557,Sandwiches Range 231 - Single,variant,ART00553,FOOD_TO_GO,Sandwiches,EA,9301000005578,GST_FREE,7.57,5.09,,active,,2024-10-18,2025-12-26
ART00558,Rolling Tobacco Classic 473,single,,TOBACCO,Rolling Tobacco,EA,9301000005585,GST,58.61,42.88,53.29,active,,2025-03-25,2026-03-11
ART00559,Cigarettes Range 923,generic,,TOBACCO,Cigarettes,EA,9301000005592,GST,43.79,29.24,39.86,active,,2026-02-21,2026-03-31
ART00560,Cigarettes Range 923 - 20s,variant,ART00559,TOBACCO,Cigarettes,EA,9301000005608,GST,79.17,43.93,74.12,active,,2026-01-15,2026-04-05
ART00561,Cigarettes Range 923 - 40s,variant,ART00559,TOBACCO,Cigarettes,EA,9301000005615,GST,67.05,41.51,63.01,active,,2024-03-26,2024-07-05
ART00562,Cigarettes Range 923 - 25s,variant,ART00559,TOBACCO,Cigarettes,EA,9301000005622,GST,62.94,35.38,58.75,active,,2025-07-13,2025-08-31
ART00563,Bakery Classic 673,single,,FOOD_TO_GO,Bakery,EA,9301000005639,GST_FREE,8.89,6.03,,active,,2024-04-23,2024-08-25
ART00564,Juice Small 765,single,,DRINKS_COLD,Juice,EA,9301000005646,GST,5.99,3.41,,active,,2023-12-29,2024-11-25
ART00565,Gum Range 557,generic,,CONFECTIONERY,Gum,EA,9301000005653,GST,5.52,3.84,,active,,2025-07-17,2025-09-29
ART00566,Gum Range 557 - Share Pack,variant,ART00565,CONFECTIONERY,Gum,EA,9301000005660,GST,5.82,3.23,,active,,2022-05-27,2022-11-05
ART00567,Gum Range 557 - Standard,variant,ART00565,CONFECTIONERY,Gum,EA,9301000005677,GST,2.04,1.4,,active,,2023-08-20,2025-02-17
ART00568,Gum Large 899,single,,CONFECTIONERY,Gum,EA,9301000005684,GST,6.09,3.73,,discontinued,2026-02-16,2024-04-27,2024-10-15
ART00569,Cigarettes Std 777,single,,TOBACCO,Cigarettes,EA,9301000005691,GST,57.63,33.17,52.72,active,,2024-03-24,2024-07-07
ART00570,Unleaded 91 Large 661,single,,FUEL,Unleaded 91,L,9301000005707,GST,1.94,1.22,,active,,2022-06-20,2023-01-18
ART00571,Juice Large 416,single,,DRINKS_COLD,Juice,EA,9301000005714,GST,4.12,2.68,,active,,2022-09-16,2023-06-11
ART00572,Chips Classic 981,single,,CONFECTIONERY,Chips,EA,9301000005721,GST,7.22,4.65,,active,,2025-01-12,2025-10-17
ART00573,Gum Small 281,single,,CONFECTIONERY,Gum,EA,9301000005738,GST,5.14,2.96,,active,,2025-03-01,2025-10-09
ART00574,Lollies Prepack 21pk 652,prepack,,CONFECTIONERY,Lollies,PACK,9301000005745,GST,2.19,1.51,,discontinued,2026-01-28,2023-06-17,2024-04-30
ART00575,Soft Drink Std 452,single,,DRINKS_COLD,Soft Drink,EA,9301000005752,GST,4.57,2.69,,discontinued,2026-03-09,2026-03-28,2026-05-28
ART00576,Soft Drink Range 917,generic,,DRINKS_COLD,Soft Drink,EA,9301000005769,GST,3.02,2.41,,active,,2024-02-05,2024-08-16
ART00577,Soft Drink Range 917 - Multipack,variant,ART00576,DRINKS_COLD,Soft Drink,EA,9301000005776,GST,4.56,2.73,,discontinued,2026-01-10,2023-03-28,2024-09-16
ART00578,Soft Drink Range 917 - Can,variant,ART00576,DRINKS_COLD,Soft Drink,EA,9301000005783,GST,3.25,2.05,,active,,2025-06-09,2026-05-30
ART00579,Soft Drink Range 917 - 600ml,variant,ART00576,DRINKS_COLD,Soft Drink,EA,9301000005790,GST,6.38,3.68,,active,,2023-07-05,2025-10-27
ART00580,Cigarettes Classic 213,single,,TOBACCO,Cigarettes,EA,9301000005806,GST,60.79,42.6,57.36,active,,2023-01-20,2024-11-06
ART00581,Premium 95 Reg 647,single,,FUEL,Premium 95,L,9301000005813,GST,1.83,1.28,,pending,,2022-09-14,2025-02-27
ART00582,Premium 95 Reg 254,single,,FUEL,Premium 95,L,9301000005820,GST,1.48,0.97,,active,,2026-05-29,2026-06-29
ART00583,Slurpee Reg 438,single,,DRINKS_COLD,Slurpee,EA,9301000005837,GST,2.88,2.14,,active,,2023-06-30,2025-09-10
ART00584,Diesel Std 296,single,,FUEL,Diesel,L,9301000005844,GST,2.08,1.39,,active,,2022-01-26,2022-10-02
ART00585,Rolling Tobacco Range 553,generic,,TOBACCO,Rolling Tobacco,EA,9301000005851,GST,49.45,35.85,47.05,active,,2022-07-12,2025-06-13
ART00586,Rolling Tobacco Range 553 - 25s,variant,ART00585,TOBACCO,Rolling Tobacco,EA,9301000005868,GST,73.62,42.72,70.1,active,,2025-01-30,2025-06-04
ART00587,Rolling Tobacco Range 553 - 40s,variant,ART00585,TOBACCO,Rolling Tobacco,EA,9301000005875,GST,44.17,32.03,42.5,active,,2025-09-27,2026-01-16
ART00588,Rolling Tobacco Range 553 - 30s,variant,ART00585,TOBACCO,Rolling Tobacco,EA,9301000005882,GST,68.98,45.02,62.15,active,,2023-07-20,2024-03-21
ART00589,Rolling Tobacco Range 553 - 20s,variant,ART00585,TOBACCO,Rolling Tobacco,EA,9301000005899,GST,58.37,31.05,54.91,active,,2025-11-15,2026-03-16
ART00590,Chips Reg 354,single,,CONFECTIONERY,Chips,EA,9301000005905,GST,2.16,1.31,,active,,2026-04-05,2026-06-24
ART00591,Unleaded 91 Classic 760,single,,FUEL,Unleaded 91,L,9301000005912,GST,1.54,1.17,,active,,2024-09-26,2025-05-22
ART00592,Juice Range 874,generic,,DRINKS_COLD,Juice,EA,9301000005929,GST,5.65,3.27,,active,,2022-02-13,2025-12-25
ART00593,Juice Range 874 - 1.25L,variant,ART00592,DRINKS_COLD,Juice,EA,9301000005936,GST,7.2,4.69,,active,,2023-08-27,2026-05-26
ART00594,Juice Range 874 - 600ml,variant,ART00592,DRINKS_COLD,Juice,EA,9301000005943,GST,3.04,2.06,,discontinued,2026-02-25,2023-07-18,2024-06-10
ART00595,Juice Range 874 - Can,variant,ART00592,DRINKS_COLD,Juice,EA,9301000005950,GST,2.41,1.67,,active,,2023-06-24,2025-07-14
ART00596,Hot Food Range 618,generic,,FOOD_TO_GO,Hot Food,EA,9301000005967,GST_FREE,4.82,3.82,,active,,2024-01-16,2026-03-20
ART00597,Hot Food Range 618 - Twin Pack,variant,ART00596,FOOD_TO_GO,Hot Food,EA,9301000005974,GST_FREE,9.18,6.11,,active,,2024-12-09,2026-05-02
ART00598,Hot Food Range 618 - Family,variant,ART00596,FOOD_TO_GO,Hot Food,EA,9301000005981,GST_FREE,8.35,5.82,,active,,2024-04-19,2026-02-04
ART00599,Hot Food Range 618 - Regular,variant,ART00596,FOOD_TO_GO,Hot Food,EA,9301000005998,GST_FREE,5.69,3.39,,active,,2022-03-31,2022-12-21
